well_id,t,date,age_days,plate,treatment,n_larvae,swim,round,settled_tile,settled_plastic,detached,dead,total
8A1,t0,27/03/2024,1,8,REF1,10,10,0,0,0,0,0,10
9C2,t0,27/03/2024,1,9,seawater,10,10,0,0,0,0,0,10
9C2,t1,28/03/2024,2,9,seawater,10,10,0,0,0,0,0,10
9C2,t2,29/03/2024,3,9,seawater,10,10,0,0,0,0,0,10
9C2,t3,30/03/2024,4,9,seawater,10,10,0,0,0,0,0,10
9C2,t4,31/03/2024,5,9,seawater,10,10,0,0,0,0,0,10
9C2,t5,01/04/2024,6,9,seawater,10,5,0,0,4,1,0,10
9C2,t6,02/04/2024,7,9,seawater,10,2,1,0,6,1,0,10
9C2,t7,03/04/2024,8,9,seawater,10,1,0,0,7,2,0,10
9C2,t8,04/04/2024,9,9,seawater,10,1,0,0,5,4,0,10
9C2,t9,05/04/2024,10,9,seawater,10,1,0,0,5,4,0,10
9C2,t10,06/04/2024,11,9,seawater,10,1,0,0,4,5,0,10
9C2,t11,07/04/2024,12,9,seawater,10,1,0,0,4,5,0,10
9C2,t12,08/04/2024,13,9,seawater,10,0,2,0,5,3,0,10
9C2,t13,09/04/2024,14,9,seawater,10,0,2,0,5,3,0,10
9C2,t14,10/04/2024,15,9,seawater,10,0,2,0,5,3,0,10
9C2,t15,11/04/2024,16,9,seawater,10,0,2,0,5,3,0,10
9C2,t16,12/04/2024,17,9,seawater,10,0,1,0,5,4,0,10
9C2,t17,13/04/2023,18,9,seawater,10,1,0,0,5,4,0,10
9C1,t0,27/03/2024,1,9,50%,10,10,0,0,0,0,0,10
9C1,t1,28/03/2024,2,9,50%,10,1,7,0,0,0,2,10
9C1,t2,29/03/2024,3,9,50%,10,0,2,0,1,0,7,10
9C1,t3,30/03/2024,4,9,50%,10,0,1,0,0,0,9,10
9C1,t4,31/03/2024,5,9,50%,10,0,1,0,0,0,9,10
9C1,t5,01/04/2024,6,9,50%,10,0,1,0,0,0,9,10
9C1,t6,02/04/2024,7,9,50%,10,0,1,0,0,0,9,10
9C1,t7,03/04/2024,8,9,50%,10,0,1,0,0,0,9,10
9C1,t8,04/04/2024,9,9,50%,10,0,1,0,0,0,9,10
9C1,t9,05/04/2024,10,9,50%,10,0,1,0,0,0,9,10
9C1,t10,06/04/2024,11,9,50%,10,0,1,0,0,0,9,10
9C1,t11,07/04/2024,12,9,50%,10,0,1,0,0,0,9,10
9C1,t12,08/04/2024,13,9,50%,10,0,1,0,0,0,9,10
9C1,t13,09/04/2024,14,9,50%,10,0,1,0,0,0,9,10
9C1,t14,10/04/2024,15,9,50%,10,0,1,0,0,0,9,10
9C1,t15,11/04/2024,16,9,50%,10,0,1,0,0,0,9,10
9C1,t16,12/04/2024,17,9,50%,10,0,1,0,0,0,9,10
9C1,t17,13/04/2023,18,9,50%,10,0,1,0,0,0,9,10
9B2,t0,27/03/2024,1,9,35%,10,10,0,0,0,0,0,10
9B2,t1,28/03/2024,2,9,35%,10,10,0,0,0,0,0,10
9B2,t2,29/03/2024,3,9,35%,10,10,0,0,0,0,0,10
9B2,t3,30/03/2024,4,9,35%,10,10,0,0,0,0,0,10
9B2,t4,31/03/2024,5,9,35%,10,10,0,0,0,0,0,10
9B2,t5,01/04/2024,6,9,35%,10,8,2,0,0,0,0,10
9B2,t6,02/04/2024,7,9,35%,10,8,2,0,0,0,0,10
9B2,t7,03/04/2024,8,9,35%,10,8,2,0,0,0,0,10
9B2,t8,04/04/2024,9,9,35%,10,8,2,0,0,0,0,10
9B2,t9,05/04/2024,10,9,35%,10,7,3,0,0,0,0,10
9B2,t10,06/04/2024,11,9,35%,10,7,3,0,0,0,0,10
9B2,t11,07/04/2024,12,9,35%,10,3,7,0,0,0,0,10
9B2,t12,08/04/2024,13,9,35%,10,3,7,0,0,0,0,10
9B2,t13,09/04/2024,14,9,35%,10,4,6,0,0,0,0,10
9B2,t14,10/04/2024,15,9,35%,10,4,6,0,0,0,0,10
9B2,t15,11/04/2024,16,9,35%,10,4,6,0,0,0,0,10
9B2,t16,12/04/2024,17,9,35%,10,4,5,0,0,0,1,10
9B2,t17,13/04/2023,18,9,35%,10,2,3,0,0,3,2,10
9B1,t0,27/03/2024,1,9,20%,10,10,0,0,0,0,0,10
9B1,t1,28/03/2024,2,9,20%,10,9,1,0,0,0,0,10
9B1,t2,29/03/2024,3,9,20%,10,9,1,0,0,0,0,10
9B1,t3,30/03/2024,4,9,20%,10,9,1,0,0,0,0,10
9B1,t4,31/03/2024,5,9,20%,10,9,1,0,0,0,0,10
9B1,t5,01/04/2024,6,9,20%,10,9,1,0,0,0,0,10
9B1,t6,02/04/2024,7,9,20%,10,9,1,0,0,0,0,10
9B1,t7,03/04/2024,8,9,20%,10,9,0,0,0,1,0,10
9B1,t8,04/04/2024,9,9,20%,10,9,0,0,0,1,0,10
9B1,t9,05/04/2024,10,9,20%,10,9,0,0,0,1,0,10
9B1,t10,06/04/2024,11,9,20%,10,6,2,0,0,2,0,10
9B1,t11,07/04/2024,12,9,20%,10,7,1,0,0,2,0,10
9B1,t12,08/04/2024,13,9,20%,10,7,1,0,0,2,0,10
9B1,t13,09/04/2024,14,9,20%,10,7,0,1,0,2,0,10
9B1,t14,10/04/2024,15,9,20%,10,7,0,1,0,2,0,10
9B1,t15,11/04/2024,16,9,20%,10,6,1,0,0,2,1,10
9B1,t16,12/04/2024,17,9,20%,10,6,1,0,0,2,1,10
9B1,t17,13/04/2023,18,9,20%,10,6,1,0,0,2,1,10
9A2,t0,27/03/2024,1,9,REF2,10,10,0,0,0,0,0,10
9A2,t1,28/03/2024,2,9,REF2,10,4,3,1,2,0,0,10
9A2,t2,29/03/2024,3,9,REF2,10,3,4,0,0,0,3,10
9A2,t3,30/03/2024,4,9,REF2,10,4,2,0,0,1,3,10
9A2,t4,31/03/2024,5,9,REF2,10,2,3,0,1,1,3,10
9A2,t5,01/04/2024,6,9,REF2,10,1,3,0,1,2,3,10
9A2,t6,02/04/2024,7,9,REF2,10,0,4,0,1,2,3,10
9A2,t7,03/04/2024,8,9,REF2,10,0,4,0,0,2,4,10
9A2,t8,04/04/2024,9,9,REF2,10,0,4,0,0,2,4,10
9A2,t9,05/04/2024,10,9,REF2,10,0,4,0,0,2,4,10
9A2,t10,06/04/2024,11,9,REF2,10,0,1,0,3,2,4,10
9A2,t11,07/04/2024,12,9,REF2,10,0,1,0,2,2,5,10
9A2,t12,08/04/2024,13,9,REF2,10,0,1,0,0,3,6,10
9A2,t13,09/04/2024,14,9,REF2,10,0,1,0,1,2,6,10
9A2,t14,10/04/2024,15,9,REF2,10,0,1,0,1,2,6,10
9A2,t15,11/04/2024,16,9,REF2,10,0,1,0,1,2,6,10
9A2,t16,12/04/2024,17,9,REF2,10,0,1,0,1,2,6,10
9A2,t17,13/04/2023,18,9,REF2,10,0,1,0,1,2,6,10
9A1,t0,27/03/2024,1,9,REF1,10,10,0,0,0,0,0,10
9A1,t1,28/03/2024,2,9,REF1,10,0,10,0,0,0,0,10
9A1,t2,29/03/2024,3,9,REF1,10,1,4,0,0,0,5,10
9A1,t3,30/03/2024,4,9,REF1,10,1,3,0,1,0,5,10
9A1,t4,31/03/2024,5,9,REF1,10,1,3,0,1,0,5,10
9A1,t5,01/04/2024,6,9,REF1,10,1,2,0,1,1,5,10
9A1,t6,02/04/2024,7,9,REF1,10,1,3,0,1,0,5,10
9A1,t7,03/04/2024,8,9,REF1,10,1,2,0,2,0,5,10
9A1,t8,04/04/2024,9,9,REF1,10,1,2,0,2,0,5,10
9A1,t9,05/04/2024,10,9,REF1,10,1,2,0,1,1,5,10
9A1,t10,06/04/2024,11,9,REF1,10,1,2,0,1,1,5,10
9A1,t11,07/04/2024,12,9,REF1,10,1,2,0,1,1,5,10
9A1,t12,08/04/2024,13,9,REF1,10,1,2,0,1,1,5,10
9A1,t13,09/04/2024,14,9,REF1,10,1,2,0,1,1,5,10
9A1,t14,10/04/2024,15,9,REF1,10,1,2,0,1,1,5,10
9A1,t15,11/04/2024,16,9,REF1,10,1,2,0,1,1,5,10
9A1,t16,12/04/2024,17,9,REF1,10,1,2,0,1,1,5,10
9A1,t17,13/04/2023,18,9,REF1,10,1,2,0,1,1,5,10
8C2,t0,27/03/2024,1,8,seawater,10,10,0,0,0,0,0,10
8C2,t1,28/03/2024,2,8,seawater,10,10,0,0,0,0,0,10
8C2,t2,29/03/2024,3,8,seawater,10,10,0,0,0,0,0,10
8C2,t3,30/03/2024,4,8,seawater,10,10,0,0,0,0,0,10
8C2,t4,31/03/2024,5,8,seawater,10,0,4,0,6,0,0,10
8C2,t5,01/04/2024,6,8,seawater,10,0,4,0,6,0,0,10
8C2,t6,02/04/2024,7,8,seawater,10,0,3,0,7,0,0,10
8C2,t7,03/04/2024,8,8,seawater,10,0,3,0,7,0,0,10
8C2,t8,04/04/2024,9,8,seawater,10,0,3,0,7,0,0,10
8C2,t9,05/04/2024,10,8,seawater,10,0,1,0,6,3,0,10
8C2,t10,06/04/2024,11,8,seawater,10,0,0,0,7,3,0,10
8C2,t11,07/04/2024,12,8,seawater,10,0,0,0,7,3,0,10
8C2,t12,08/04/2024,13,8,seawater,10,0,0,0,7,3,0,10
8C2,t13,09/04/2024,14,8,seawater,10,0,0,0,7,3,0,10
8C2,t14,10/04/2024,15,8,seawater,10,0,0,0,6,3,1,10
8C2,t15,11/04/2024,16,8,seawater,10,0,0,0,6,3,1,10
8C2,t16,12/04/2024,17,8,seawater,10,0,0,0,6,3,1,10
8C2,t17,13/04/2023,18,8,seawater,10,0,0,0,6,3,1,10
8C1,t11,07/04/2024,12,8,50%,10,2,6,0,1,0,1,10
8C1,t0,27/03/2024,1,8,50%,10,10,0,0,0,0,0,10
8C1,t1,28/03/2024,2,8,50%,10,4,6,0,0,0,0,10
8C1,t2,29/03/2024,3,8,50%,10,2,8,0,0,0,0,10
8C1,t3,30/03/2024,4,8,50%,10,6,4,0,0,0,0,10
8C1,t4,31/03/2024,5,8,50%,10,3,6,0,0,0,1,10
8C1,t5,01/04/2024,6,8,50%,10,3,6,0,0,0,1,10
8C1,t6,02/04/2024,7,8,50%,10,3,5,0,1,0,1,10
8C1,t7,03/04/2024,8,8,50%,10,3,5,0,0,1,1,10
8C1,t8,04/04/2024,9,8,50%,10,3,5,0,0,1,1,10
8C1,t9,05/04/2024,10,8,50%,10,2,6,0,1,0,1,10
8C1,t10,06/04/2024,11,8,50%,10,2,6,0,1,0,1,10
8C1,t12,08/04/2024,13,8,50%,10,2,5,0,2,0,1,10
8C1,t13,09/04/2024,14,8,50%,10,2,5,0,1,1,1,10
8C1,t14,10/04/2024,15,8,50%,10,1,4,0,1,2,2,10
8C1,t15,11/04/2024,16,8,50%,10,0,5,0,1,2,2,10
8C1,t16,12/04/2024,17,8,50%,10,0,4,0,1,2,3,10
8C1,t17,13/04/2023,18,8,50%,10,0,2,0,1,2,5,10
8B2,t0,27/03/2024,1,8,35%,10,10,0,0,0,0,0,10
8B2,t1,28/03/2024,2,8,35%,10,3,7,0,0,0,0,10
8B2,t2,29/03/2024,3,8,35%,10,6,4,0,0,0,0,10
8B2,t3,30/03/2024,4,8,35%,10,8,2,0,0,0,0,10
8B2,t4,31/03/2024,5,8,35%,10,8,2,0,0,0,0,10
8B2,t5,01/04/2024,6,8,35%,10,2,2,0,5,1,0,10
8B2,t6,02/04/2024,7,8,35%,10,0,2,0,5,3,0,10
8B2,t7,03/04/2024,8,8,35%,10,0,2,0,4,4,0,10
8B2,t8,04/04/2024,9,8,35%,10,0,2,0,4,4,0,10
8B2,t9,05/04/2024,10,8,35%,10,0,1,0,5,4,0,10
8B2,t10,06/04/2024,11,8,35%,10,0,1,0,5,4,0,10
8B2,t11,07/04/2024,12,8,35%,10,0,1,0,5,4,0,10
8B2,t12,08/04/2024,13,8,35%,10,0,1,0,5,4,0,10
8B2,t13,09/04/2024,14,8,35%,10,0,1,0,4,5,0,10
8B2,t14,10/04/2024,15,8,35%,10,0,1,0,4,5,0,10
8B2,t15,11/04/2024,16,8,35%,10,0,1,0,4,5,0,10
8B2,t16,12/04/2024,17,8,35%,10,0,1,0,4,5,0,10
8B2,t17,13/04/2023,18,8,35%,10,0,1,0,4,5,0,10
8B1,t0,27/03/2024,1,8,20%,10,10,0,0,0,0,0,10
8B1,t1,28/03/2024,2,8,20%,10,6,3,0,1,0,0,10
8B1,t2,29/03/2024,3,8,20%,10,1,8,0,1,0,0,10
8B1,t3,30/03/2024,4,8,20%,10,4,5,0,1,0,0,10
8B1,t4,31/03/2024,5,8,20%,10,2,4,0,3,0,1,10
8B1,t5,01/04/2024,6,8,20%,10,0,2,0,5,1,2,10
8B1,t6,02/04/2024,7,8,20%,10,0,0,0,4,2,4,10
8B1,t7,03/04/2024,8,8,20%,10,0,0,0,4,2,4,10
8B1,t8,04/04/2024,9,8,20%,10,0,0,0,4,1,5,10
8B1,t9,05/04/2024,10,8,20%,10,0,0,0,4,1,5,10
8B1,t10,06/04/2024,11,8,20%,10,0,0,0,4,1,5,10
8B1,t11,07/04/2024,12,8,20%,10,0,0,0,4,1,5,10
8B1,t12,08/04/2024,13,8,20%,10,0,0,0,4,1,5,10
8B1,t13,09/04/2024,14,8,20%,10,0,0,0,4,1,5,10
8B1,t14,10/04/2024,15,8,20%,10,0,0,0,4,1,5,10
8B1,t15,11/04/2024,16,8,20%,10,0,0,0,4,1,5,10
8B1,t16,12/04/2024,17,8,20%,10,0,0,0,4,1,5,10
8B1,t17,13/04/2023,18,8,20%,10,0,0,0,4,1,5,10
8A2,t0,27/03/2024,1,8,REF2,10,10,0,0,0,0,0,10
8A2,t1,28/03/2024,2,8,REF2,10,4,3,0,0,0,3,10
8A2,t2,29/03/2024,3,8,REF2,10,4,3,0,0,0,3,10
8A2,t3,30/03/2024,4,8,REF2,10,4,1,0,0,2,3,10
8A2,t4,31/03/2024,5,8,REF2,10,4,0,0,1,1,4,10
8A2,t5,01/04/2024,6,8,REF2,10,3,0,0,2,1,4,10
8A2,t6,02/04/2024,7,8,REF2,10,2,1,0,2,0,5,10
8A2,t7,03/04/2024,8,8,REF2,10,0,3,0,1,1,5,10
8A2,t8,04/04/2024,9,8,REF2,10,0,3,0,1,1,5,10
8A2,t9,05/04/2024,10,8,REF2,10,0,3,0,1,1,5,10
8A2,t10,06/04/2024,11,8,REF2,10,2,1,0,1,1,5,10
8A2,t11,07/04/2024,12,8,REF2,10,2,1,0,1,1,5,10
8A2,t12,08/04/2024,13,8,REF2,10,2,1,0,2,0,5,10
8A2,t13,09/04/2024,14,8,REF2,10,2,1,0,2,0,5,10
8A2,t14,10/04/2024,15,8,REF2,10,2,0,0,2,1,5,10
8A2,t15,11/04/2024,16,8,REF2,10,2,0,0,2,1,5,10
8A2,t16,12/04/2024,17,8,REF2,10,2,0,0,2,1,5,10
8A2,t17,13/04/2023,18,8,REF2,10,1,1,0,2,1,5,10
8A1,t1,28/03/2024,2,8,REF1,10,4,2,0,2,0,2,10
8A1,t2,29/03/2024,3,8,REF1,10,3,2,0,3,0,2,10
8A1,t3,30/03/2024,4,8,REF1,10,1,1,0,5,1,2,10
8A1,t4,31/03/2024,5,8,REF1,10,1,2,0,4,1,2,10
8A1,t5,01/04/2024,6,8,REF1,10,1,1,0,4,1,3,10
8A1,t6,02/04/2024,7,8,REF1,10,1,1,0,4,1,3,10
8A1,t7,03/04/2024,8,8,REF1,10,1,1,0,4,1,3,10
8A1,t8,04/04/2024,9,8,REF1,10,1,1,0,4,1,3,10
8A1,t9,05/04/2024,10,8,REF1,10,1,1,0,4,1,3,10
8A1,t10,06/04/2024,11,8,REF1,10,1,1,0,4,1,3,10
8A1,t11,07/04/2024,12,8,REF1,10,1,1,0,4,1,3,10
8A1,t12,08/04/2024,13,8,REF1,10,1,1,0,4,1,3,10
8A1,t13,09/04/2024,14,8,REF1,10,1,1,0,4,1,3,10
8A1,t14,10/04/2024,15,8,REF1,10,1,1,0,4,1,3,10
8A1,t15,11/04/2024,16,8,REF1,10,1,1,0,4,1,3,10
8A1,t16,12/04/2024,17,8,REF1,10,1,1,0,4,1,3,10
8A1,t17,13/04/2023,18,8,REF1,10,1,1,0,4,1,3,10
7C2,t0,27/03/2024,1,7,seawater,10,10,0,0,0,0,0,10
7C2,t1,28/03/2024,2,7,seawater,10,10,0,0,0,0,0,10
7C2,t2,29/03/2024,3,7,seawater,10,8,2,0,0,0,0,10
7C2,t3,30/03/2024,4,7,seawater,10,10,0,0,0,0,0,10
7C2,t4,31/03/2024,5,7,seawater,10,7,0,0,2,1,0,10
7C2,t5,01/04/2024,6,7,seawater,10,7,0,0,2,1,0,10
7C2,t6,02/04/2024,7,7,seawater,10,6,1,0,2,1,0,10
7C2,t7,03/04/2024,8,7,seawater,10,6,1,0,2,1,0,10
7C2,t8,04/04/2024,9,7,seawater,10,6,1,0,2,1,0,10
7C2,t9,05/04/2024,10,7,seawater,10,5,1,0,3,1,0,10
7C2,t10,06/04/2024,11,7,seawater,10,5,1,0,3,1,0,10
7C2,t11,07/04/2024,12,7,seawater,10,5,0,0,5,0,0,10
7C2,t12,08/04/2024,13,7,seawater,10,4,1,0,5,0,0,10
7C2,t13,09/04/2024,14,7,seawater,10,4,1,0,5,0,0,10
7C2,t14,10/04/2024,15,7,seawater,10,4,1,0,5,0,0,10
7C2,t15,11/04/2024,16,7,seawater,10,4,1,0,4,0,1,10
7C2,t16,12/04/2024,17,7,seawater,10,4,1,0,4,0,1,10
7C2,t17,13/04/2023,18,7,seawater,10,4,1,0,4,0,1,10
7C1,t0,27/03/2024,1,7,50%,10,10,0,0,0,0,0,10
7C1,t1,28/03/2024,2,7,50%,10,4,6,0,0,0,0,10
7C1,t2,29/03/2024,3,7,50%,10,10,0,0,0,0,0,10
7C1,t3,30/03/2024,4,7,50%,10,8,2,0,0,0,0,10
7C1,t4,31/03/2024,5,7,50%,10,9,1,0,0,0,0,10
7C1,t5,01/04/2024,6,7,50%,10,9,1,0,0,0,0,10
7C1,t6,02/04/2024,7,7,50%,10,9,1,0,0,0,0,10
7C1,t7,03/04/2024,8,7,50%,10,9,1,0,0,0,0,10
7C1,t8,04/04/2024,9,7,50%,10,9,1,0,0,0,0,10
7C1,t9,05/04/2024,10,7,50%,10,9,0,0,0,0,1,10
7C1,t10,06/04/2024,11,7,50%,10,9,0,0,0,0,1,10
7C1,t11,07/04/2024,12,7,50%,10,8,0,0,0,0,2,10
7C1,t12,08/04/2024,13,7,50%,10,8,0,0,0,0,2,10
7C1,t13,09/04/2024,14,7,50%,10,8,0,0,0,0,2,10
7C1,t14,10/04/2024,15,7,50%,10,8,0,0,0,0,2,10
7C1,t15,11/04/2024,16,7,50%,10,8,0,0,0,0,2,10
7C1,t16,12/04/2024,17,7,50%,10,8,0,0,0,0,2,10
7C1,t17,13/04/2023,18,7,50%,10,6,2,0,0,0,2,10
7B2,t0,27/03/2024,1,7,35%,10,10,0,0,0,0,0,10
7B2,t1,28/03/2024,2,7,35%,10,7,2,1,0,0,0,10
7B2,t2,29/03/2024,3,7,35%,10,7,2,1,0,0,0,10
7B2,t3,30/03/2024,4,7,35%,10,8,2,0,0,0,0,10
7B2,t4,31/03/2024,5,7,35%,10,8,2,0,0,0,0,10
7B2,t5,01/04/2024,6,7,35%,10,8,2,0,0,0,0,10
7B2,t6,02/04/2024,7,7,35%,10,8,2,0,0,0,0,10
7B2,t7,03/04/2024,8,7,35%,10,6,4,0,0,0,0,10
7B2,t8,04/04/2024,9,7,35%,10,7,3,0,0,0,0,10
7B2,t9,05/04/2024,10,7,35%,10,6,4,0,0,0,0,10
7B2,t10,06/04/2024,11,7,35%,10,5,5,0,0,0,0,10
7B2,t11,07/04/2024,12,7,35%,10,8,2,0,0,0,0,10
7B2,t12,08/04/2024,13,7,35%,10,6,4,0,0,0,0,10
7B2,t13,09/04/2024,14,7,35%,10,4,6,0,0,0,0,10
7B2,t14,10/04/2024,15,7,35%,10,5,5,0,0,0,0,10
7B2,t15,11/04/2024,16,7,35%,10,4,6,0,0,0,0,10
7B2,t16,12/04/2024,17,7,35%,10,5,5,0,0,0,0,10
7B2,t17,13/04/2023,18,7,35%,10,1,5,0,0,2,2,10
7B1,t0,27/03/2024,1,7,20%,10,10,0,0,0,0,0,10
7B1,t1,28/03/2024,2,7,20%,10,8,2,0,0,0,0,10
7B1,t2,29/03/2024,3,7,20%,10,8,2,0,0,0,0,10
7B1,t3,30/03/2024,4,7,20%,10,10,0,0,0,0,0,10
7B1,t4,31/03/2024,5,7,20%,10,10,0,0,0,0,0,10
7B1,t5,01/04/2024,6,7,20%,10,10,0,0,0,0,0,10
7B1,t6,02/04/2024,7,7,20%,10,6,4,0,0,0,0,10
7B1,t7,03/04/2024,8,7,20%,10,5,5,0,0,0,0,10
7B1,t8,04/04/2024,9,7,20%,10,5,5,0,0,0,0,10
7B1,t9,05/04/2024,10,7,20%,10,5,4,0,1,0,0,10
7B1,t10,06/04/2024,11,7,20%,10,7,1,0,1,0,1,10
7B1,t11,07/04/2024,12,7,20%,10,7,1,0,0,0,2,10
7B1,t12,08/04/2024,13,7,20%,10,2,5,0,1,0,2,10
7B1,t13,09/04/2024,14,7,20%,10,3,4,0,1,0,2,10
7B1,t14,10/04/2024,15,7,20%,10,3,2,0,1,2,2,10
7B1,t15,11/04/2024,16,7,20%,10,3,0,0,1,4,2,10
7B1,t16,12/04/2024,17,7,20%,10,3,0,0,1,4,2,10
7B1,t17,13/04/2023,18,7,20%,10,3,0,0,1,4,2,10
7A2,t0,27/03/2024,1,7,REF2,10,10,0,0,0,0,0,10
7A2,t1,28/03/2024,2,7,REF2,10,3,6,0,1,0,0,10
7A2,t2,29/03/2024,3,7,REF2,10,5,4,0,1,0,0,10
7A2,t3,30/03/2024,4,7,REF2,10,7,2,0,1,0,0,10
7A2,t4,31/03/2024,5,7,REF2,10,7,2,0,1,0,0,10
7A2,t5,01/04/2024,6,7,REF2,10,7,1,0,1,1,0,10
7A2,t6,02/04/2024,7,7,REF2,10,7,1,0,1,1,0,10
7A2,t7,03/04/2024,8,7,REF2,10,8,0,0,1,1,0,10
7A2,t8,04/04/2024,9,7,REF2,10,7,0,0,1,1,1,10
7A2,t9,05/04/2024,10,7,REF2,10,7,0,0,1,1,1,10
7A2,t10,06/04/2024,11,7,REF2,10,7,0,0,1,1,1,10
7A2,t11,07/04/2024,12,7,REF2,10,7,0,0,1,1,1,10
7A2,t12,08/04/2024,13,7,REF2,10,7,0,0,1,1,1,10
7A2,t13,09/04/2024,14,7,REF2,10,7,0,0,1,1,1,10
7A2,t14,10/04/2024,15,7,REF2,10,7,0,0,1,1,1,10
7A2,t15,11/04/2024,16,7,REF2,10,7,0,0,1,1,1,10
7A2,t16,12/04/2024,17,7,REF2,10,7,0,0,1,1,1,10
7A2,t17,13/04/2023,18,7,REF2,10,7,0,0,1,1,1,10
7A1,t0,27/03/2024,1,7,REF1,10,10,0,0,0,0,0,10
7A1,t1,28/03/2024,2,7,REF1,10,2,8,0,0,0,0,10
7A1,t2,29/03/2024,3,7,REF1,10,5,5,0,0,0,0,10
7A1,t3,30/03/2024,4,7,REF1,10,8,2,0,0,0,0,10
7A1,t4,31/03/2024,5,7,REF1,10,8,2,0,0,0,0,10
7A1,t5,01/04/2024,6,7,REF1,10,8,2,0,0,0,0,10
7A1,t6,02/04/2024,7,7,REF1,10,6,4,0,0,0,0,10
7A1,t7,03/04/2024,8,7,REF1,10,6,3,0,1,0,0,10
7A1,t8,04/04/2024,9,7,REF1,10,3,6,0,1,0,0,10
7A1,t9,05/04/2024,10,7,REF1,10,3,6,0,1,0,0,10
7A1,t10,06/04/2024,11,7,REF1,10,8,1,0,1,0,0,10
7A1,t11,07/04/2024,12,7,REF1,10,5,4,0,1,0,0,10
7A1,t12,08/04/2024,13,7,REF1,10,7,2,0,1,0,0,10
7A1,t13,09/04/2024,14,7,REF1,10,6,2,0,1,0,1,10
7A1,t14,10/04/2024,15,7,REF1,10,4,4,0,1,0,1,10
7A1,t15,11/04/2024,16,7,REF1,10,4,4,0,1,0,1,10
7A1,t16,12/04/2024,17,7,REF1,10,5,3,0,1,0,1,10
7A1,t17,13/04/2023,18,7,REF1,10,5,3,0,1,0,1,10
6C2,t0,27/03/2024,1,6,seawater,10,10,0,0,0,0,0,10
6C2,t1,28/03/2024,2,6,seawater,10,10,0,0,0,0,0,10
6C2,t2,29/03/2024,3,6,seawater,10,10,0,0,0,0,0,10
6C2,t3,30/03/2024,4,6,seawater,10,7,0,0,3,0,0,10
6C2,t4,31/03/2024,5,6,seawater,10,3,0,0,7,0,0,10
6C2,t5,01/04/2024,6,6,seawater,10,1,0,0,9,0,0,10
6C2,t6,02/04/2024,7,6,seawater,10,1,0,0,9,0,0,10
6C2,t7,03/04/2024,8,6,seawater,10,1,0,0,9,0,0,10
6C2,t8,04/04/2024,9,6,seawater,10,1,0,0,9,0,0,10
6C2,t9,05/04/2024,10,6,seawater,10,0,1,0,9,0,0,10
6C2,t10,06/04/2024,11,6,seawater,10,0,1,0,9,0,0,10
6C2,t11,07/04/2024,12,6,seawater,10,0,1,0,9,0,0,10
6C2,t12,08/04/2024,13,6,seawater,10,0,1,0,9,0,0,10
6C2,t13,09/04/2024,14,6,seawater,10,0,1,0,9,0,0,10
6C2,t14,10/04/2024,15,6,seawater,10,0,1,0,9,0,0,10
6C2,t15,11/04/2024,16,6,seawater,10,0,1,0,9,0,0,10
6C2,t16,12/04/2024,17,6,seawater,10,0,1,0,9,0,0,10
6C2,t17,13/04/2023,18,6,seawater,10,0,1,0,9,0,0,10
6C1,t0,27/03/2024,1,6,50%,10,10,0,0,0,0,0,10
6C1,t1,28/03/2024,2,6,50%,10,3,7,0,0,0,0,10
6C1,t2,29/03/2024,3,6,50%,10,3,7,0,0,0,0,10
6C1,t3,30/03/2024,4,6,50%,10,5,5,0,0,0,0,10
6C1,t4,31/03/2024,5,6,50%,10,4,6,0,0,0,0,10
6C1,t5,01/04/2024,6,6,50%,10,4,6,0,0,0,0,10
6C1,t6,02/04/2024,7,6,50%,10,2,5,0,2,0,1,10
6C1,t7,03/04/2024,8,6,50%,10,2,3,0,3,0,2,10
6C1,t8,04/04/2024,9,6,50%,10,0,4,0,4,0,2,10
6C1,t9,05/04/2024,10,6,50%,10,0,2,0,4,0,4,10
6C1,t10,06/04/2024,11,6,50%,10,0,2,0,4,0,4,10
6C1,t11,07/04/2024,12,6,50%,10,1,1,0,4,0,4,10
6C1,t12,08/04/2024,13,6,50%,10,1,1,0,4,0,4,10
6C1,t13,09/04/2024,14,6,50%,10,1,1,0,4,0,4,10
6C1,t14,10/04/2024,15,6,50%,10,1,1,0,4,0,4,10
6C1,t15,11/04/2024,16,6,50%,10,1,1,0,4,0,4,10
6C1,t16,12/04/2024,17,6,50%,10,1,1,0,4,0,4,10
6C1,t17,13/04/2023,18,6,50%,10,1,1,0,4,0,4,10
6B2,t0,27/03/2024,1,6,35%,10,10,0,0,0,0,0,10
6B2,t1,28/03/2024,2,6,35%,10,2,8,0,0,0,0,10
6B2,t2,29/03/2024,3,6,35%,10,6,4,0,0,0,0,10
6B2,t3,30/03/2024,4,6,35%,10,7,1,0,1,1,0,10
6B2,t4,31/03/2024,5,6,35%,10,8,1,0,0,1,0,10
6B2,t5,01/04/2024,6,6,35%,10,8,1,0,0,1,0,10
6B2,t6,02/04/2024,7,6,35%,10,5,2,0,0,3,0,10
6B2,t7,03/04/2024,8,6,35%,10,5,1,1,0,3,0,10
6B2,t8,04/04/2024,9,6,35%,10,5,1,1,0,3,0,10
6B2,t9,05/04/2024,10,6,35%,10,1,1,1,4,2,1,10
6B2,t10,06/04/2024,11,6,35%,10,0,2,1,4,2,1,10
6B2,t11,07/04/2024,12,6,35%,10,1,0,1,4,3,1,10
6B2,t12,08/04/2024,13,6,35%,10,1,0,1,2,5,1,10
6B2,t13,09/04/2024,14,6,35%,10,1,0,1,2,5,1,10
6B2,t14,10/04/2024,15,6,35%,10,0,1,1,2,5,1,10
6B2,t15,11/04/2024,16,6,35%,10,0,1,1,1,6,1,10
6B2,t16,12/04/2024,17,6,35%,10,0,1,1,1,6,1,10
6B2,t17,13/04/2023,18,6,35%,10,0,1,1,1,6,1,10
6B1,t0,27/03/2024,1,6,20%,10,10,0,0,0,0,0,10
6B1,t1,28/03/2024,2,6,20%,10,5,5,0,0,0,0,10
6B1,t2,29/03/2024,3,6,20%,10,5,5,0,0,0,0,10
6B1,t3,30/03/2024,4,6,20%,10,8,2,0,0,0,0,10
6B1,t4,31/03/2024,5,6,20%,10,9,1,0,0,0,0,10
6B1,t5,01/04/2024,6,6,20%,10,9,0,0,1,0,0,10
6B1,t6,02/04/2024,7,6,20%,10,6,3,0,1,0,0,10
6B1,t7,03/04/2024,8,6,20%,10,9,0,0,1,0,0,10
6B1,t8,04/04/2024,9,6,20%,10,8,1,0,1,0,0,10
6B1,t9,05/04/2024,10,6,20%,10,7,2,0,1,0,0,10
6B1,t10,06/04/2024,11,6,20%,10,5,4,0,1,0,0,10
6B1,t11,07/04/2024,12,6,20%,10,5,3,0,2,0,0,10
6B1,t12,08/04/2024,13,6,20%,10,5,3,0,1,1,0,10
6B1,t13,09/04/2024,14,6,20%,10,5,2,0,1,2,0,10
6B1,t14,10/04/2024,15,6,20%,10,5,2,0,1,2,0,10
6B1,t15,11/04/2024,16,6,20%,10,6,1,0,1,2,0,10
6B1,t16,12/04/2024,17,6,20%,10,6,1,0,1,2,0,10
6B1,t17,13/04/2023,18,6,20%,10,6,1,0,1,2,0,10
6A2,t0,27/03/2024,1,6,REF2,10,10,0,0,0,0,0,10
6A2,t1,28/03/2024,2,6,REF2,10,9,1,0,0,0,0,10
6A2,t2,29/03/2024,3,6,REF2,10,7,3,0,0,0,0,10
6A2,t3,30/03/2024,4,6,REF2,10,3,5,0,2,0,0,10
6A2,t4,31/03/2024,5,6,REF2,10,0,4,0,0,3,3,10
6A2,t5,01/04/2024,6,6,REF2,10,0,1,0,3,3,3,10
6A2,t6,02/04/2024,7,6,REF2,10,0,1,0,3,3,3,10
6A2,t7,03/04/2024,8,6,REF2,10,0,1,0,2,4,3,10
6A2,t8,04/04/2024,9,6,REF2,10,0,1,0,2,4,3,10
6A2,t9,05/04/2024,10,6,REF2,10,0,1,0,2,3,4,10
6A2,t10,06/04/2024,11,6,REF2,10,0,1,0,0,5,4,10
6A2,t11,07/04/2024,12,6,REF2,10,0,1,0,0,5,4,10
6A2,t12,08/04/2024,13,6,REF2,10,0,1,0,0,5,4,10
6A2,t13,09/04/2024,14,6,REF2,10,0,1,0,0,5,4,10
6A2,t14,10/04/2024,15,6,REF2,10,0,1,0,0,5,4,10
6A2,t15,11/04/2024,16,6,REF2,10,0,1,0,0,5,4,10
6A2,t16,12/04/2024,17,6,REF2,10,0,1,0,0,5,4,10
6A2,t17,13/04/2023,18,6,REF2,10,0,1,0,0,5,4,10
6A1,t1,28/03/2024,2,6,REF1,10,7,3,0,0,0,0,10
6A1,t0,27/03/2024,1,6,REF1,10,10,0,0,0,0,0,10
6A1,t2,29/03/2024,3,6,REF1,10,5,5,0,0,0,0,10
6A1,t3,30/03/2024,4,6,REF1,10,5,5,0,0,0,0,10
6A1,t4,31/03/2024,5,6,REF1,10,0,4,0,2,0,4,10
6A1,t5,01/04/2024,6,6,REF1,10,0,2,0,3,1,4,10
6A1,t6,02/04/2024,7,6,REF1,10,0,2,0,2,2,4,10
6A1,t7,03/04/2024,8,6,REF1,10,0,2,0,2,2,4,10
6A1,t8,04/04/2024,9,6,REF1,10,0,1,0,2,2,5,10
6A1,t9,05/04/2024,10,6,REF1,10,0,0,0,1,0,9,10
6A1,t10,06/04/2024,11,6,REF1,10,0,0,0,1,0,9,10
6A1,t11,07/04/2024,12,6,REF1,10,0,0,0,0,0,10,10
6A1,t12,08/04/2024,13,6,REF1,10,0,0,0,0,0,10,10
6A1,t13,09/04/2024,14,6,REF1,10,0,0,0,0,0,10,10
6A1,t14,10/04/2024,15,6,REF1,10,0,0,0,0,0,10,10
6A1,t15,11/04/2024,16,6,REF1,10,0,0,0,0,0,10,10
6A1,t16,12/04/2024,17,6,REF1,10,0,0,0,0,0,10,10
6A1,t17,13/04/2023,18,6,REF1,10,0,0,0,0,0,10,10
5C2,t0,27/03/2024,1,5,seawater,10,10,0,0,0,0,0,10
5C2,t1,28/03/2024,2,5,seawater,10,9,1,0,0,0,0,10
5C2,t2,29/03/2024,3,5,seawater,10,10,0,0,0,0,0,10
5C2,t3,30/03/2024,4,5,seawater,10,10,0,0,0,0,0,10
5C2,t4,31/03/2024,5,5,seawater,10,10,0,0,0,0,0,10
5C2,t5,01/04/2024,6,5,seawater,10,10,0,0,0,0,0,10
5C2,t6,02/04/2024,7,5,seawater,10,10,0,0,0,0,0,10
5C2,t7,03/04/2024,8,5,seawater,10,10,0,0,0,0,0,10
5C2,t8,04/04/2024,9,5,seawater,10,9,1,0,0,0,0,10
5C2,t9,05/04/2024,10,5,seawater,10,8,1,0,0,0,1,10
5C2,t10,06/04/2024,11,5,seawater,10,8,1,0,0,0,1,10
5C2,t11,07/04/2024,12,5,seawater,10,9,0,0,0,0,1,10
5C2,t12,08/04/2024,13,5,seawater,10,5,4,0,0,0,1,10
5C2,t13,09/04/2024,14,5,seawater,10,9,0,0,0,0,1,10
5C2,t14,10/04/2024,15,5,seawater,10,8,1,0,0,0,1,10
5C2,t15,11/04/2024,16,5,seawater,10,8,1,0,0,0,1,10
5C2,t16,12/04/2024,17,5,seawater,10,7,2,0,0,0,1,10
5C2,t17,13/04/2023,18,5,seawater,10,7,2,0,0,0,1,10
5C1,t0,27/03/2024,1,5,50%,10,10,0,0,0,0,0,10
5C1,t1,28/03/2024,2,5,50%,10,3,4,0,1,0,2,10
5C1,t2,29/03/2024,3,5,50%,10,6,2,0,0,0,2,10
5C1,t3,30/03/2024,4,5,50%,10,8,0,0,0,0,2,10
5C1,t4,31/03/2024,5,5,50%,10,8,0,0,0,0,2,10
5C1,t5,01/04/2024,6,5,50%,10,8,0,0,0,0,2,10
5C1,t6,02/04/2024,7,5,50%,10,8,0,0,0,0,2,10
5C1,t7,03/04/2024,8,5,50%,10,8,0,0,0,0,2,10
5C1,t8,04/04/2024,9,5,50%,10,8,0,0,0,0,2,10
5C1,t9,05/04/2024,10,5,50%,10,7,1,0,0,0,2,10
5C1,t10,06/04/2024,11,5,50%,10,7,1,0,0,0,2,10
5C1,t11,07/04/2024,12,5,50%,10,5,3,0,0,0,2,10
5C1,t12,08/04/2024,13,5,50%,10,5,3,0,0,0,2,10
5C1,t13,09/04/2024,14,5,50%,10,7,1,0,0,0,2,10
5C1,t14,10/04/2024,15,5,50%,10,6,2,0,0,0,2,10
5C1,t15,11/04/2024,16,5,50%,10,7,1,0,0,0,2,10
5C1,t16,12/04/2024,17,5,50%,10,6,2,0,0,0,2,10
5C1,t17,13/04/2023,18,5,50%,10,4,4,0,0,0,2,10
5B2,t0,27/03/2024,1,5,35%,10,10,0,0,0,0,0,10
5B2,t1,28/03/2024,2,5,35%,10,7,3,0,0,0,0,10
5B2,t2,29/03/2024,3,5,35%,10,5,2,0,0,0,3,10
5B2,t3,30/03/2024,4,5,35%,10,2,1,0,1,2,4,10
5B2,t4,31/03/2024,5,5,35%,10,1,1,0,2,1,5,10
5B2,t5,01/04/2024,6,5,35%,10,1,1,0,2,1,5,10
5B2,t6,02/04/2024,7,5,35%,10,1,1,0,2,1,5,10
5B2,t7,03/04/2024,8,5,35%,10,1,1,0,2,1,5,10
5B2,t8,04/04/2024,9,5,35%,10,1,0,0,2,2,5,10
5B2,t9,05/04/2024,10,5,35%,10,1,0,0,2,2,5,10
5B2,t10,06/04/2024,11,5,35%,10,1,0,0,2,2,5,10
5B2,t11,07/04/2024,12,5,35%,10,1,0,0,2,2,5,10
5B2,t12,08/04/2024,13,5,35%,10,1,0,0,2,2,5,10
5B2,t13,09/04/2024,14,5,35%,10,1,0,0,2,2,5,10
5B2,t14,10/04/2024,15,5,35%,10,1,0,0,2,2,5,10
5B2,t15,11/04/2024,16,5,35%,10,1,0,0,2,2,5,10
5B2,t16,12/04/2024,17,5,35%,10,1,0,0,2,2,5,10
5B2,t17,13/04/2023,18,5,35%,10,1,0,0,2,2,5,10
5B1,t0,27/03/2024,1,5,20%,10,10,0,0,0,0,0,10
5B1,t1,28/03/2024,2,5,20%,10,3,7,0,0,0,0,10
5B1,t2,29/03/2024,3,5,20%,10,8,2,0,0,0,0,10
5B1,t3,30/03/2024,4,5,20%,10,7,1,0,0,0,2,10
5B1,t4,31/03/2024,5,5,20%,10,7,1,0,0,0,2,10
5B1,t5,01/04/2024,6,5,20%,10,7,1,0,0,0,2,10
5B1,t6,02/04/2024,7,5,20%,10,7,1,0,0,0,2,10
5B1,t7,03/04/2024,8,5,20%,10,8,0,0,0,0,2,10
5B1,t8,04/04/2024,9,5,20%,10,7,1,0,0,0,2,10
5B1,t9,05/04/2024,10,5,20%,10,8,0,0,0,0,2,10
5B1,t10,06/04/2024,11,5,20%,10,8,0,0,0,0,2,10
5B1,t11,07/04/2024,12,5,20%,10,8,0,0,0,0,2,10
5B1,t12,08/04/2024,13,5,20%,10,8,0,0,0,0,2,10
5B1,t13,09/04/2024,14,5,20%,10,8,0,0,0,0,2,10
5B1,t14,10/04/2024,15,5,20%,10,7,1,0,0,0,2,10
5B1,t15,11/04/2024,16,5,20%,10,8,0,0,0,0,2,10
5B1,t16,12/04/2024,17,5,20%,10,6,2,0,0,0,2,10
5B1,t17,13/04/2023,18,5,20%,10,5,3,0,0,0,2,10
5A2,t0,27/03/2024,1,5,REF2,10,10,0,0,0,0,0,10
5A2,t1,28/03/2024,2,5,REF2,10,3,2,0,0,1,4,10
5A2,t2,29/03/2024,3,5,REF2,10,1,3,0,0,1,5,10
5A2,t3,30/03/2024,4,5,REF2,10,0,2,0,0,1,7,10
5A2,t4,31/03/2024,5,5,REF2,10,0,2,0,0,1,7,10
5A2,t5,01/04/2024,6,5,REF2,10,0,1,0,1,1,7,10
5A2,t6,02/04/2024,7,5,REF2,10,0,1,0,1,1,7,10
5A2,t7,03/04/2024,8,5,REF2,10,0,1,0,1,1,7,10
5A2,t8,04/04/2024,9,5,REF2,10,0,1,0,1,1,7,10
5A2,t9,05/04/2024,10,5,REF2,10,0,2,0,1,0,7,10
5A2,t10,06/04/2024,11,5,REF2,10,0,2,0,0,1,7,10
5A2,t11,07/04/2024,12,5,REF2,10,0,2,0,0,1,7,10
5A2,t12,08/04/2024,13,5,REF2,10,0,1,0,0,2,7,10
5A2,t13,09/04/2024,14,5,REF2,10,0,1,0,0,2,7,10
5A2,t14,10/04/2024,15,5,REF2,10,0,1,0,0,2,7,10
5A2,t15,11/04/2024,16,5,REF2,10,0,1,0,0,2,7,10
5A2,t16,12/04/2024,17,5,REF2,10,0,1,0,0,2,7,10
5A2,t17,13/04/2023,18,5,REF2,10,0,1,0,0,2,7,10
5A1,t0,27/03/2024,1,5,REF1,10,10,0,0,0,0,0,10
5A1,t1,28/03/2024,2,5,REF1,10,6,4,0,0,0,0,10
5A1,t2,29/03/2024,3,5,REF1,10,4,6,0,0,0,0,10
5A1,t3,30/03/2024,4,5,REF1,10,4,6,0,0,0,0,10
5A1,t4,31/03/2024,5,5,REF1,10,6,3,0,1,0,0,10
5A1,t5,01/04/2024,6,5,REF1,10,5,4,0,1,0,0,10
5A1,t6,02/04/2024,7,5,REF1,10,3,3,0,4,0,0,10
5A1,t7,03/04/2024,8,5,REF1,10,3,3,0,4,0,0,10
5A1,t8,04/04/2024,9,5,REF1,10,3,3,0,4,0,0,10
5A1,t9,05/04/2024,10,5,REF1,10,4,2,0,4,0,0,10
5A1,t10,06/04/2024,11,5,REF1,10,3,3,0,4,0,0,10
5A1,t11,07/04/2024,12,5,REF1,10,4,2,0,4,0,0,10
5A1,t12,08/04/2024,13,5,REF1,10,4,2,0,4,0,0,10
5A1,t13,09/04/2024,14,5,REF1,10,3,1,0,5,1,0,10
5A1,t14,10/04/2024,15,5,REF1,10,3,1,0,5,1,0,10
5A1,t15,11/04/2024,16,5,REF1,10,3,1,0,5,1,0,10
5A1,t16,12/04/2024,17,5,REF1,10,3,1,0,5,1,0,10
5A1,t17,13/04/2023,18,5,REF1,10,1,2,1,5,1,0,10
4C2,t3,30/03/2024,4,4,seawater,10,6,1,0,1,0,2,10
4C2,t0,27/03/2024,1,4,seawater,10,10,0,0,0,0,0,10
4C2,t1,28/03/2024,2,4,seawater,10,7,0,0,1,0,2,10
4C2,t2,29/03/2024,3,4,seawater,10,7,0,0,1,0,2,10
4C2,t4,31/03/2024,5,4,seawater,10,3,0,0,5,0,2,10
4C2,t5,01/04/2024,6,4,seawater,10,0,0,0,8,0,2,10
4C2,t6,02/04/2024,7,4,seawater,10,0,0,0,8,0,2,10
4C2,t7,03/04/2024,8,4,seawater,10,0,0,0,8,0,2,10
4C2,t8,04/04/2024,9,4,seawater,10,0,0,0,8,0,2,10
4C2,t9,05/04/2024,10,4,seawater,10,0,0,0,8,0,2,10
4C2,t10,06/04/2024,11,4,seawater,10,0,0,0,8,0,2,10
4C2,t11,07/04/2024,12,4,seawater,10,0,0,0,8,0,2,10
4C2,t12,08/04/2024,13,4,seawater,10,0,0,0,8,0,2,10
4C2,t13,09/04/2024,14,4,seawater,10,0,0,0,8,0,2,10
4C2,t14,10/04/2024,15,4,seawater,10,0,0,0,8,0,2,10
4C2,t15,11/04/2024,16,4,seawater,10,0,0,0,8,0,2,10
4C2,t16,12/04/2024,17,4,seawater,10,0,0,0,8,0,2,10
4C2,t17,13/04/2023,18,4,seawater,10,0,0,0,8,0,2,10
4C1,t0,27/03/2024,1,4,50%,10,10,0,0,0,0,0,10
4C1,t1,28/03/2024,2,4,50%,10,7,1,0,0,0,2,10
4C1,t2,29/03/2024,3,4,50%,10,8,0,0,0,0,2,10
4C1,t3,30/03/2024,4,4,50%,10,8,0,0,0,0,2,10
4C1,t4,31/03/2024,5,4,50%,10,8,0,0,0,0,2,10
4C1,t5,01/04/2024,6,4,50%,10,8,0,0,0,0,2,10
4C1,t6,02/04/2024,7,4,50%,10,2,5,0,1,0,2,10
4C1,t7,03/04/2024,8,4,50%,10,2,4,0,2,0,2,10
4C1,t8,04/04/2024,9,4,50%,10,2,4,0,2,0,2,10
4C1,t9,05/04/2024,10,4,50%,10,0,6,0,2,0,2,10
4C1,t10,06/04/2024,11,4,50%,10,0,6,0,2,0,2,10
4C1,t11,07/04/2024,12,4,50%,10,0,4,0,1,3,2,10
4C1,t12,08/04/2024,13,4,50%,10,0,2,0,1,5,2,10
4C1,t13,09/04/2024,14,4,50%,10,0,2,0,1,5,2,10
4C1,t14,10/04/2024,15,4,50%,10,0,2,0,1,5,2,10
4C1,t15,11/04/2024,16,4,50%,10,0,2,0,1,5,2,10
4C1,t16,12/04/2024,17,4,50%,10,0,1,0,1,6,2,10
4C1,t17,13/04/2023,18,4,50%,10,0,0,0,1,6,3,10
4B2,t0,27/03/2024,1,4,35%,10,10,0,0,0,0,0,10
4B2,t1,28/03/2024,2,4,35%,10,3,3,0,4,0,0,10
4B2,t2,29/03/2024,3,4,35%,10,4,5,0,1,0,0,10
4B2,t3,30/03/2024,4,4,35%,10,4,5,0,0,1,0,10
4B2,t4,31/03/2024,5,4,35%,10,4,4,0,0,2,0,10
4B2,t5,01/04/2024,6,4,35%,10,1,5,0,2,2,0,10
4B2,t6,02/04/2024,7,4,35%,10,1,3,0,3,3,0,10
4B2,t7,03/04/2024,8,4,35%,10,1,1,0,4,3,1,10
4B2,t8,04/04/2024,9,4,35%,10,0,2,0,4,3,1,10
4B2,t9,05/04/2024,10,4,35%,10,1,0,0,5,3,1,10
4B2,t10,06/04/2024,11,4,35%,10,0,2,0,5,2,1,10
4B2,t11,07/04/2024,12,4,35%,10,0,1,0,5,2,2,10
4B2,t12,08/04/2024,13,4,35%,10,0,1,0,4,3,2,10
4B2,t13,09/04/2024,14,4,35%,10,0,1,0,4,3,2,10
4B2,t14,10/04/2024,15,4,35%,10,0,2,0,4,2,2,10
4B2,t15,11/04/2024,16,4,35%,10,0,2,0,4,2,2,10
4B2,t16,12/04/2024,17,4,35%,10,0,2,0,5,1,2,10
4B2,t17,13/04/2023,18,4,35%,10,0,2,0,5,1,2,10
4B1,t0,27/03/2024,1,4,20%,10,10,0,0,0,0,0,10
4B1,t1,28/03/2024,2,4,20%,10,9,1,0,0,0,0,10
4B1,t2,29/03/2024,3,4,20%,10,9,1,0,0,0,0,10
4B1,t3,30/03/2024,4,4,20%,10,10,0,0,0,0,0,10
4B1,t4,31/03/2024,5,4,20%,10,10,0,0,0,0,0,10
4B1,t5,01/04/2024,6,4,20%,10,10,0,0,0,0,0,10
4B1,t6,02/04/2024,7,4,20%,10,10,0,0,0,0,0,10
4B1,t7,03/04/2024,8,4,20%,10,10,0,0,0,0,0,10
4B1,t8,04/04/2024,9,4,20%,10,9,1,0,0,0,0,10
4B1,t9,05/04/2024,10,4,20%,10,8,1,0,0,0,1,10
4B1,t10,06/04/2024,11,4,20%,10,7,2,0,0,0,1,10
4B1,t11,07/04/2024,12,4,20%,10,7,2,0,0,0,1,10
4B1,t12,08/04/2024,13,4,20%,10,8,1,0,0,0,1,10
4B1,t13,09/04/2024,14,4,20%,10,8,1,0,0,0,1,10
4B1,t14,10/04/2024,15,4,20%,10,8,1,0,0,0,1,10
4B1,t15,11/04/2024,16,4,20%,10,9,0,0,0,0,1,10
4B1,t16,12/04/2024,17,4,20%,10,8,1,0,0,0,1,10
4B1,t17,13/04/2023,18,4,20%,10,7,2,0,0,0,1,10
4A2,t5,01/04/2024,6,4,REF2,10,5,1,0,1,2,1,10
4A2,t0,27/03/2024,1,4,REF2,10,10,0,0,0,0,0,10
4A2,t1,28/03/2024,2,4,REF2,10,3,7,0,0,0,0,10
4A2,t2,29/03/2024,3,4,REF2,10,7,3,0,0,0,0,10
4A2,t3,30/03/2024,4,4,REF2,10,6,3,0,0,1,0,10
4A2,t4,31/03/2024,5,4,REF2,10,6,1,0,1,1,1,10
4A2,t6,02/04/2024,7,4,REF2,10,4,1,0,2,2,1,10
4A2,t7,03/04/2024,8,4,REF2,10,4,1,0,2,2,1,10
4A2,t8,04/04/2024,9,4,REF2,10,3,2,0,2,2,1,10
4A2,t9,05/04/2024,10,4,REF2,10,2,2,0,4,1,1,10
4A2,t10,06/04/2024,11,4,REF2,10,3,1,0,4,1,1,10
4A2,t11,07/04/2024,12,4,REF2,10,3,1,0,4,1,1,10
4A2,t12,08/04/2024,13,4,REF2,10,3,1,0,4,1,1,10
4A2,t13,09/04/2024,14,4,REF2,10,3,1,0,4,1,1,10
4A2,t14,10/04/2024,15,4,REF2,10,3,1,0,4,1,1,10
4A2,t15,11/04/2024,16,4,REF2,10,4,0,0,4,1,1,10
4A2,t16,12/04/2024,17,4,REF2,10,4,0,0,4,1,1,10
4A2,t17,13/04/2023,18,4,REF2,10,4,0,0,4,1,1,10
4A1,t0,27/03/2024,1,4,REF1,10,10,0,0,0,0,0,10
4A1,t1,28/03/2024,2,4,REF1,10,5,5,0,0,0,0,10
4A1,t2,29/03/2024,3,4,REF1,10,1,4,0,0,0,5,10
4A1,t3,30/03/2024,4,4,REF1,10,0,3,0,0,0,7,10
4A1,t4,31/03/2024,5,4,REF1,10,0,2,0,0,0,8,10
4A1,t5,01/04/2024,6,4,REF1,10,0,2,0,0,0,8,10
4A1,t6,02/04/2024,7,4,REF1,10,0,1,0,0,0,9,10
4A1,t7,03/04/2024,8,4,REF1,10,0,1,0,0,0,9,10
4A1,t8,04/04/2024,9,4,REF1,10,0,1,0,0,0,9,10
4A1,t9,05/04/2024,10,4,REF1,10,0,1,0,0,0,9,10
4A1,t10,06/04/2024,11,4,REF1,10,0,1,0,0,0,9,10
4A1,t11,07/04/2024,12,4,REF1,10,0,1,0,0,0,9,10
4A1,t12,08/04/2024,13,4,REF1,10,0,1,0,0,0,9,10
4A1,t13,09/04/2024,14,4,REF1,10,0,1,0,0,0,9,10
4A1,t14,10/04/2024,15,4,REF1,10,0,1,0,0,0,9,10
4A1,t15,11/04/2024,16,4,REF1,10,0,1,0,0,0,9,10
4A1,t16,12/04/2024,17,4,REF1,10,0,0,0,0,0,10,10
4A1,t17,13/04/2023,18,4,REF1,10,0,0,0,0,0,10,10
3C2,t0,27/03/2024,1,3,seawater,10,10,0,0,0,0,0,10
3C2,t1,28/03/2024,2,3,seawater,10,10,0,0,0,0,0,10
3C2,t2,29/03/2024,3,3,seawater,10,10,0,0,0,0,0,10
3C2,t3,30/03/2024,4,3,seawater,10,10,0,0,0,0,0,10
3C2,t4,31/03/2024,5,3,seawater,10,10,0,0,0,0,0,10
3C2,t5,01/04/2024,6,3,seawater,10,10,0,0,0,0,0,10
3C2,t6,02/04/2024,7,3,seawater,10,9,1,0,0,0,0,10
3C2,t7,03/04/2024,8,3,seawater,10,7,3,0,0,0,0,10
3C2,t8,04/04/2024,9,3,seawater,10,7,2,0,1,0,0,10
3C2,t9,05/04/2024,10,3,seawater,10,4,3,0,3,0,0,10
3C2,t10,06/04/2024,11,3,seawater,10,4,3,0,3,0,0,10
3C2,t11,07/04/2024,12,3,seawater,10,5,1,0,3,1,0,10
3C2,t12,08/04/2024,13,3,seawater,10,2,2,0,3,3,0,10
3C2,t13,09/04/2024,14,3,seawater,10,3,1,0,3,3,0,10
3C2,t14,10/04/2024,15,3,seawater,10,1,2,0,4,3,0,10
3C2,t15,11/04/2024,16,3,seawater,10,1,1,0,5,3,0,10
3C2,t16,12/04/2024,17,3,seawater,10,1,1,0,5,3,0,10
3C2,t17,13/04/2023,18,3,seawater,10,2,0,0,5,3,0,10
3C1,t0,27/03/2024,1,3,50%,10,10,0,0,0,0,0,10
3C1,t1,28/03/2024,2,3,50%,10,6,2,1,1,0,0,10
3C1,t2,29/03/2024,3,3,50%,10,8,2,0,0,0,0,10
3C1,t3,30/03/2024,4,3,50%,10,8,2,0,0,0,0,10
3C1,t4,31/03/2024,5,3,50%,10,8,1,0,0,0,1,10
3C1,t5,01/04/2024,6,3,50%,10,8,1,0,0,0,1,10
3C1,t6,02/04/2024,7,3,50%,10,8,1,0,0,0,1,10
3C1,t7,03/04/2024,8,3,50%,10,8,1,0,0,0,1,10
3C1,t8,04/04/2024,9,3,50%,10,8,1,0,0,0,1,10
3C1,t9,05/04/2024,10,3,50%,10,8,1,0,0,0,1,10
3C1,t10,06/04/2024,11,3,50%,10,8,1,0,0,0,1,10
3C1,t11,07/04/2024,12,3,50%,10,8,1,0,0,0,1,10
3C1,t12,08/04/2024,13,3,50%,10,8,1,0,0,0,1,10
3C1,t13,09/04/2024,14,3,50%,10,8,1,0,0,0,1,10
3C1,t14,10/04/2024,15,3,50%,10,8,1,0,0,0,1,10
3C1,t15,11/04/2024,16,3,50%,10,8,1,0,0,0,1,10
3C1,t16,12/04/2024,17,3,50%,10,6,3,0,0,0,1,10
3C1,t17,13/04/2023,18,3,50%,10,6,2,0,0,0,2,10
3B2,t0,27/03/2024,1,3,35%,10,10,0,0,0,0,0,10
3B2,t1,28/03/2024,2,3,35%,10,5,1,0,4,0,0,10
3B2,t2,29/03/2024,3,3,35%,10,5,5,0,0,0,0,10
3B2,t3,30/03/2024,4,3,35%,10,6,4,0,0,0,0,10
3B2,t4,31/03/2024,5,3,35%,10,9,1,0,0,0,0,10
3B2,t5,01/04/2024,6,3,35%,10,6,3,0,1,0,0,10
3B2,t6,02/04/2024,7,3,35%,10,5,3,0,1,0,1,10
3B2,t7,03/04/2024,8,3,35%,10,4,3,0,1,1,1,10
3B2,t8,04/04/2024,9,3,35%,10,3,3,0,1,1,2,10
3B2,t9,05/04/2024,10,3,35%,10,4,2,0,1,1,2,10
3B2,t10,06/04/2024,11,3,35%,10,4,2,0,1,1,2,10
3B2,t11,07/04/2024,12,3,35%,10,4,2,0,1,1,2,10
3B2,t12,08/04/2024,13,3,35%,10,4,2,0,1,1,2,10
3B2,t13,09/04/2024,14,3,35%,10,4,1,0,2,0,3,10
3B2,t14,10/04/2024,15,3,35%,10,2,3,0,2,0,3,10
3B2,t15,11/04/2024,16,3,35%,10,4,0,0,2,1,3,10
3B2,t16,12/04/2024,17,3,35%,10,4,0,0,2,1,3,10
3B2,t17,13/04/2023,18,3,35%,10,2,2,0,1,2,3,10
3B1,t0,27/03/2024,1,3,20%,10,10,0,0,0,0,0,10
3B1,t1,28/03/2024,2,3,20%,10,6,1,0,2,1,0,10
3B1,t2,29/03/2024,3,3,20%,10,3,4,0,2,1,0,10
3B1,t3,30/03/2024,4,3,20%,10,1,4,0,4,1,0,10
3B1,t4,31/03/2024,5,3,20%,10,0,3,0,2,1,4,10
3B1,t5,01/04/2024,6,3,20%,10,0,3,0,2,0,5,10
3B1,t6,02/04/2024,7,3,20%,10,0,0,0,2,0,8,10
3B1,t7,03/04/2024,8,3,20%,10,0,0,0,2,0,8,10
3B1,t8,04/04/2024,9,3,20%,10,0,0,0,2,0,8,10
3B1,t9,05/04/2024,10,3,20%,10,0,0,0,2,0,8,10
3B1,t10,06/04/2024,11,3,20%,10,0,0,0,2,0,8,10
3B1,t11,07/04/2024,12,3,20%,10,0,0,0,2,0,8,10
3B1,t12,08/04/2024,13,3,20%,10,0,0,0,2,0,8,10
3B1,t13,09/04/2024,14,3,20%,10,0,0,0,1,0,9,10
3B1,t14,10/04/2024,15,3,20%,10,0,0,0,1,0,9,10
3B1,t15,11/04/2024,16,3,20%,10,0,0,0,1,0,9,10
3B1,t16,12/04/2024,17,3,20%,10,0,0,0,1,0,9,10
3B1,t17,13/04/2023,18,3,20%,10,0,0,0,1,0,9,10
3A2,t0,27/03/2024,1,3,REF2,10,10,0,0,0,0,0,10
3A2,t1,28/03/2024,2,3,REF2,10,2,7,1,0,0,0,10
3A2,t2,29/03/2024,3,3,REF2,10,5,5,0,0,0,0,10
3A2,t3,30/03/2024,4,3,REF2,10,5,5,0,0,0,0,10
3A2,t4,31/03/2024,5,3,REF2,10,9,1,0,0,0,0,10
3A2,t5,01/04/2024,6,3,REF2,10,8,1,0,1,0,0,10
3A2,t6,02/04/2024,7,3,REF2,10,8,1,0,1,0,0,10
3A2,t7,03/04/2024,8,3,REF2,10,8,1,0,1,0,0,10
3A2,t8,04/04/2024,9,3,REF2,10,7,2,0,1,0,0,10
3A2,t9,05/04/2024,10,3,REF2,10,7,1,0,2,0,0,10
3A2,t10,06/04/2024,11,3,REF2,10,6,2,0,2,0,0,10
3A2,t11,07/04/2024,12,3,REF2,10,6,2,0,2,0,0,10
3A2,t12,08/04/2024,13,3,REF2,10,8,0,0,2,0,0,10
3A2,t13,09/04/2024,14,3,REF2,10,8,0,0,2,0,0,10
3A2,t14,10/04/2024,15,3,REF2,10,6,2,0,1,1,0,10
3A2,t15,11/04/2024,16,3,REF2,10,5,3,0,1,1,0,10
3A2,t16,12/04/2024,17,3,REF2,10,7,1,0,1,1,0,10
3A2,t17,13/04/2023,18,3,REF2,10,6,2,0,1,1,0,10
3A1,t6,02/04/2024,7,3,REF1,10,7,1,0,1,0,1,10
3A1,t0,27/03/2024,1,3,REF1,10,10,0,0,0,0,0,10
3A1,t1,28/03/2024,2,3,REF1,10,8,0,0,1,0,1,10
3A1,t2,29/03/2024,3,3,REF1,10,7,1,0,1,0,1,10
3A1,t3,30/03/2024,4,3,REF1,10,7,1,0,1,0,1,10
3A1,t4,31/03/2024,5,3,REF1,10,7,1,0,1,0,1,10
3A1,t5,01/04/2024,6,3,REF1,10,7,1,0,1,0,1,10
3A1,t7,03/04/2024,8,3,REF1,10,6,1,1,1,0,1,10
3A1,t8,04/04/2024,9,3,REF1,10,6,1,1,1,0,1,10
3A1,t9,05/04/2024,10,3,REF1,10,6,1,1,1,0,1,10
3A1,t10,06/04/2024,11,3,REF1,10,6,1,1,1,0,1,10
3A1,t11,07/04/2024,12,3,REF1,10,6,1,1,1,0,1,10
3A1,t12,08/04/2024,13,3,REF1,10,6,1,1,1,0,1,10
3A1,t13,09/04/2024,14,3,REF1,10,6,1,1,1,0,1,10
3A1,t14,10/04/2024,15,3,REF1,10,6,1,1,1,0,1,10
3A1,t15,11/04/2024,16,3,REF1,10,5,2,1,1,0,1,10
3A1,t16,12/04/2024,17,3,REF1,10,5,2,1,1,0,1,10
3A1,t17,13/04/2023,18,3,REF1,10,5,2,1,1,0,1,10
2C2,t0,27/03/2024,1,2,seawater,10,10,0,0,0,0,0,10
2C2,t1,28/03/2024,2,2,seawater,10,10,0,0,0,0,0,10
2C2,t2,29/03/2024,3,2,seawater,10,10,0,0,0,0,0,10
2C2,t3,30/03/2024,4,2,seawater,10,9,1,0,0,0,0,10
2C2,t4,31/03/2024,5,2,seawater,10,7,2,0,1,0,0,10
2C2,t5,01/04/2024,6,2,seawater,10,3,2,0,4,1,0,10
2C2,t6,02/04/2024,7,2,seawater,10,2,2,0,5,1,0,10
2C2,t7,03/04/2024,8,2,seawater,10,0,2,0,5,3,0,10
2C2,t8,04/04/2024,9,2,seawater,10,0,2,0,5,3,0,10
2C2,t9,05/04/2024,10,2,seawater,10,0,2,0,5,3,0,10
2C2,t10,06/04/2024,11,2,seawater,10,0,1,0,6,3,0,10
2C2,t11,07/04/2024,12,2,seawater,10,1,0,0,6,3,0,10
2C2,t12,08/04/2024,13,2,seawater,10,0,1,0,6,3,0,10
2C2,t13,09/04/2024,14,2,seawater,10,0,1,0,6,3,0,10
2C2,t14,10/04/2024,15,2,seawater,10,0,1,0,6,3,0,10
2C2,t15,11/04/2024,16,2,seawater,10,0,1,0,6,3,0,10
2C2,t16,12/04/2024,17,2,seawater,10,0,1,0,6,3,0,10
2C2,t17,13/04/2023,18,2,seawater,10,0,1,0,6,3,0,10
2C1,t0,27/03/2024,1,2,50%,10,10,0,0,0,0,0,10
2C1,t1,28/03/2024,2,2,50%,10,3,7,0,0,0,0,10
2C1,t2,29/03/2024,3,2,50%,10,10,0,0,0,0,0,10
2C1,t3,30/03/2024,4,2,50%,10,10,0,0,0,0,0,10
2C1,t4,31/03/2024,5,2,50%,10,10,0,0,0,0,0,10
2C1,t5,01/04/2024,6,2,50%,10,10,0,0,0,0,0,10
2C1,t6,02/04/2024,7,2,50%,10,10,0,0,0,0,0,10
2C1,t7,03/04/2024,8,2,50%,10,10,0,0,0,0,0,10
2C1,t8,04/04/2024,9,2,50%,10,9,1,0,0,0,0,10
2C1,t9,05/04/2024,10,2,50%,10,10,0,0,0,0,0,10
2C1,t10,06/04/2024,11,2,50%,10,7,3,0,0,0,0,10
2C1,t11,07/04/2024,12,2,50%,10,8,2,0,0,0,0,10
2C1,t12,08/04/2024,13,2,50%,10,8,2,0,0,0,0,10
2C1,t13,09/04/2024,14,2,50%,10,8,2,0,0,0,0,10
2C1,t14,10/04/2024,15,2,50%,10,8,1,0,0,1,0,10
2C1,t15,11/04/2024,16,2,50%,10,7,1,0,1,1,0,10
2C1,t16,12/04/2024,17,2,50%,10,6,2,0,1,1,0,10
2C1,t17,13/04/2023,18,2,50%,10,6,2,0,1,1,0,10
2B2,t3,30/03/2024,4,2,35%,10,3,6,0,0,0,1,10
2B2,t0,27/03/2024,1,2,35%,10,10,0,0,0,0,0,10
2B2,t1,28/03/2024,2,2,35%,10,4,6,0,0,0,0,10
2B2,t2,29/03/2024,3,2,35%,10,3,6,0,0,0,1,10
2B2,t4,31/03/2024,5,2,35%,10,1,5,0,2,0,2,10
2B2,t5,01/04/2024,6,2,35%,10,1,4,0,2,2,1,10
2B2,t6,02/04/2024,7,2,35%,10,2,3,0,1,3,1,10
2B2,t7,03/04/2024,8,2,35%,10,0,4,0,1,0,5,10
2B2,t8,04/04/2024,9,2,35%,10,0,4,0,1,0,5,10
2B2,t9,05/04/2024,10,2,35%,10,0,4,0,1,0,5,10
2B2,t10,06/04/2024,11,2,35%,10,0,4,0,1,0,5,10
2B2,t11,07/04/2024,12,2,35%,10,0,4,0,1,0,5,10
2B2,t12,08/04/2024,13,2,35%,10,0,3,0,1,0,6,10
2B2,t13,09/04/2024,14,2,35%,10,0,2,0,0,0,8,10
2B2,t14,10/04/2024,15,2,35%,10,0,1,0,0,0,9,10
2B2,t15,11/04/2024,16,2,35%,10,0,1,0,0,0,9,10
2B2,t16,12/04/2024,17,2,35%,10,0,1,0,0,0,9,10
2B2,t17,13/04/2023,18,2,35%,10,0,1,0,0,0,9,10
2B1,t0,27/03/2024,1,2,20%,10,10,0,0,0,0,0,10
2B1,t1,28/03/2024,2,2,20%,10,4,3,0,3,0,0,10
2B1,t2,29/03/2024,3,2,20%,10,10,0,0,0,0,0,10
2B1,t3,30/03/2024,4,2,20%,10,10,0,0,0,0,0,10
2B1,t4,31/03/2024,5,2,20%,10,10,0,0,0,0,0,10
2B1,t5,01/04/2024,6,2,20%,10,10,0,0,0,0,0,10
2B1,t6,02/04/2024,7,2,20%,10,10,0,0,0,0,0,10
2B1,t7,03/04/2024,8,2,20%,10,7,3,0,0,0,0,10
2B1,t8,04/04/2024,9,2,20%,10,7,2,0,1,0,0,10
2B1,t9,05/04/2024,10,2,20%,10,3,4,0,3,0,0,10
2B1,t10,06/04/2024,11,2,20%,10,4,3,0,3,0,0,10
2B1,t11,07/04/2024,12,2,20%,10,2,4,0,4,0,0,10
2B1,t12,08/04/2024,13,2,20%,10,2,4,0,4,0,0,10
2B1,t13,09/04/2024,14,2,20%,10,1,5,0,4,0,0,10
2B1,t14,10/04/2024,15,2,20%,10,0,6,0,4,0,0,10
2B1,t15,11/04/2024,16,2,20%,10,0,6,0,4,0,0,10
2B1,t16,12/04/2024,17,2,20%,10,0,5,0,4,1,0,10
2B1,t17,13/04/2023,18,2,20%,10,0,3,0,4,3,0,10
2A2,t0,27/03/2024,1,2,REF2,10,10,0,0,0,0,0,10
2A2,t1,28/03/2024,2,2,REF2,10,4,3,0,3,0,0,10
2A2,t2,29/03/2024,3,2,REF2,10,7,3,0,0,0,0,10
2A2,t3,30/03/2024,4,2,REF2,10,6,4,0,0,0,0,10
2A2,t4,31/03/2024,5,2,REF2,10,5,4,0,0,0,1,10
2A2,t5,01/04/2024,6,2,REF2,10,2,3,0,1,3,1,10
2A2,t6,02/04/2024,7,2,REF2,10,2,3,0,0,4,1,10
2A2,t7,03/04/2024,8,2,REF2,10,2,3,0,0,4,1,10
2A2,t8,04/04/2024,9,2,REF2,10,2,2,0,3,2,1,10
2A2,t9,05/04/2024,10,2,REF2,10,2,2,0,2,3,1,10
2A2,t10,06/04/2024,11,2,REF2,10,3,2,0,2,2,1,10
2A2,t11,07/04/2024,12,2,REF2,10,4,1,0,2,2,1,10
2A2,t12,08/04/2024,13,2,REF2,10,4,1,0,1,3,1,10
2A2,t13,09/04/2024,14,2,REF2,10,4,1,0,1,3,1,10
2A2,t14,10/04/2024,15,2,REF2,10,4,1,0,1,3,1,10
2A2,t15,11/04/2024,16,2,REF2,10,4,1,0,1,3,1,10
2A2,t16,12/04/2024,17,2,REF2,10,3,1,0,1,4,1,10
2A2,t17,13/04/2023,18,2,REF2,10,2,2,0,2,3,1,10
2A1,t0,27/03/2024,1,2,REF1,10,10,0,0,0,0,0,10
2A1,t1,28/03/2024,2,2,REF1,10,4,4,0,2,0,0,10
2A1,t2,29/03/2024,3,2,REF1,10,7,3,0,0,0,0,10
2A1,t3,30/03/2024,4,2,REF1,10,8,2,0,0,0,0,10
2A1,t4,31/03/2024,5,2,REF1,10,8,2,0,0,0,0,10
2A1,t5,01/04/2024,6,2,REF1,10,8,2,0,0,0,0,10
2A1,t6,02/04/2024,7,2,REF1,10,8,2,0,0,0,0,10
2A1,t7,03/04/2024,8,2,REF1,10,5,4,0,0,1,0,10
2A1,t8,04/04/2024,9,2,REF1,10,5,4,0,0,1,0,10
2A1,t9,05/04/2024,10,2,REF1,10,4,5,0,0,1,0,10
2A1,t10,06/04/2024,11,2,REF1,10,4,5,0,0,1,0,10
2A1,t11,07/04/2024,12,2,REF1,10,5,4,0,0,1,0,10
2A1,t12,08/04/2024,13,2,REF1,10,4,5,0,0,1,0,10
2A1,t13,09/04/2024,14,2,REF1,10,3,5,0,1,1,0,10
2A1,t14,10/04/2024,15,2,REF1,10,4,4,0,1,1,0,10
2A1,t15,11/04/2024,16,2,REF1,10,4,4,0,1,1,0,10
2A1,t16,12/04/2024,17,2,REF1,10,5,3,0,1,1,0,10
2A1,t17,13/04/2023,18,2,REF1,10,4,4,0,1,1,0,10
1C2,t0,27/03/2024,1,1,seawater,10,10,0,0,0,0,0,10
1C2,t1,28/03/2024,2,1,seawater,10,10,0,0,0,0,0,10
1C2,t2,29/03/2024,3,1,seawater,10,9,1,0,0,0,0,10
1C2,t3,30/03/2024,4,1,seawater,10,8,1,0,1,0,0,10
1C2,t4,31/03/2024,5,1,seawater,10,2,1,0,5,2,0,10
1C2,t5,01/04/2024,6,1,seawater,10,0,0,0,8,2,0,10
1C2,t6,02/04/2024,7,1,seawater,10,0,0,0,7,3,0,10
1C2,t7,03/04/2024,8,1,seawater,10,0,0,0,7,3,0,10
1C2,t8,04/04/2024,9,1,seawater,10,0,0,0,7,3,0,10
1C2,t9,05/04/2024,10,1,seawater,10,0,0,0,8,2,0,10
1C2,t10,06/04/2024,11,1,seawater,10,0,0,0,7,3,0,10
1C2,t11,07/04/2024,12,1,seawater,10,0,0,0,7,3,0,10
1C2,t12,08/04/2024,13,1,seawater,10,0,0,0,7,3,0,10
1C2,t13,09/04/2024,14,1,seawater,10,0,0,0,7,3,0,10
1C2,t14,10/04/2024,15,1,seawater,10,0,0,0,7,3,0,10
1C2,t15,11/04/2024,16,1,seawater,10,0,0,0,7,3,0,10
1C2,t16,12/04/2024,17,1,seawater,10,0,0,0,7,3,0,10
1C2,t17,13/04/2023,18,1,seawater,10,0,0,0,7,3,0,10
1C1,t0,27/03/2024,1,1,50%,10,10,0,0,0,0,0,10
1C1,t1,28/03/2024,2,1,50%,10,4,3,0,3,0,0,10
1C1,t2,29/03/2024,3,1,50%,10,6,4,0,0,0,0,10
1C1,t3,30/03/2024,4,1,50%,10,7,3,0,0,0,0,10
1C1,t4,31/03/2024,5,1,50%,10,7,3,0,0,0,0,10
1C1,t5,01/04/2024,6,1,50%,10,3,3,0,1,0,3,10
1C1,t6,02/04/2024,7,1,50%,10,3,3,0,1,0,3,10
1C1,t7,03/04/2024,8,1,50%,10,3,2,0,2,0,3,10
1C1,t8,04/04/2024,9,1,50%,10,2,3,0,1,1,3,10
1C1,t9,05/04/2024,10,1,50%,10,0,3,0,0,4,3,10
1C1,t10,06/04/2024,11,1,50%,10,0,3,0,0,4,3,10
1C1,t11,07/04/2024,12,1,50%,10,0,3,0,0,4,3,10
1C1,t12,08/04/2024,13,1,50%,10,0,3,0,0,4,3,10
1C1,t13,09/04/2024,14,1,50%,10,0,3,0,0,4,3,10
1C1,t14,10/04/2024,15,1,50%,10,0,3,0,0,4,3,10
1C1,t15,11/04/2024,16,1,50%,10,0,3,0,0,4,3,10
1C1,t16,12/04/2024,17,1,50%,10,0,3,0,0,4,3,10
1C1,t17,13/04/2023,18,1,50%,10,0,2,0,0,4,4,10
1B2,t15,11/04/2024,16,1,35%,10,4,1,0,3,1,1,10
1B2,t0,27/03/2024,1,1,35%,10,10,0,0,0,0,0,10
1B2,t1,28/03/2024,2,1,35%,10,7,3,0,0,0,0,10
1B2,t2,29/03/2024,3,1,35%,10,7,3,0,0,0,0,10
1B2,t3,30/03/2024,4,1,35%,10,7,3,0,0,0,0,10
1B2,t4,31/03/2024,5,1,35%,10,5,2,0,2,1,0,10
1B2,t5,01/04/2024,6,1,35%,10,5,1,0,2,1,1,10
1B2,t6,02/04/2024,7,1,35%,10,5,1,0,2,1,1,10
1B2,t7,03/04/2024,8,1,35%,10,6,0,0,2,1,1,10
1B2,t8,04/04/2024,9,1,35%,10,5,1,0,2,1,1,10
1B2,t9,05/04/2024,10,1,35%,10,5,1,0,2,1,1,10
1B2,t10,06/04/2024,11,1,35%,10,4,2,0,2,1,1,10
1B2,t11,07/04/2024,12,1,35%,10,5,0,0,2,2,1,10
1B2,t12,08/04/2024,13,1,35%,10,5,0,0,3,1,1,10
1B2,t13,09/04/2024,14,1,35%,10,4,1,0,3,1,1,10
1B2,t14,10/04/2024,15,1,35%,10,4,1,0,3,1,1,10
1B2,t16,12/04/2024,17,1,35%,10,2,2,0,4,1,1,10
1B2,t17,13/04/2023,18,1,35%,10,0,3,0,5,1,1,10
1B1,t0,27/03/2024,1,1,20%,10,10,0,0,0,0,0,10
1B1,t1,28/03/2024,2,1,20%,10,9,1,0,0,0,0,10
1B1,t2,29/03/2024,3,1,20%,10,9,1,0,0,0,0,10
1B1,t3,30/03/2024,4,1,20%,10,7,2,0,0,0,1,10
1B1,t4,31/03/2024,5,1,20%,10,7,2,0,0,0,1,10
1B1,t5,01/04/2024,6,1,20%,10,7,2,0,0,0,1,10
1B1,t6,02/04/2024,7,1,20%,10,7,1,0,0,1,1,10
1B1,t7,03/04/2024,8,1,20%,10,7,1,0,0,1,1,10
1B1,t8,04/04/2024,9,1,20%,10,5,2,0,1,1,1,10
1B1,t9,05/04/2024,10,1,20%,10,6,1,0,1,1,1,10
1B1,t10,06/04/2024,11,1,20%,10,5,1,0,2,1,1,10
1B1,t11,07/04/2024,12,1,20%,10,5,1,0,2,1,1,10
1B1,t12,08/04/2024,13,1,20%,10,5,0,0,2,2,1,10
1B1,t13,09/04/2024,14,1,20%,10,4,1,0,2,2,1,10
1B1,t14,10/04/2024,15,1,20%,10,2,1,0,2,4,1,10
1B1,t15,11/04/2024,16,1,20%,10,1,0,0,2,6,1,10
1B1,t16,12/04/2024,17,1,20%,10,1,0,0,2,6,1,10
1B1,t17,13/04/2023,18,1,20%,10,1,0,0,2,6,1,10
1A2,t0,27/03/2024,1,1,REF2,10,10,0,0,0,0,0,10
1A2,t1,28/03/2024,2,1,REF2,10,8,2,0,0,0,0,10
1A2,t2,29/03/2024,3,1,REF2,10,9,1,0,0,0,0,10
1A2,t3,30/03/2024,4,1,REF2,10,10,0,0,0,0,0,10
1A2,t4,31/03/2024,5,1,REF2,10,10,0,0,0,0,0,10
1A2,t5,01/04/2024,6,1,REF2,10,10,0,0,0,0,0,10
1A2,t6,02/04/2024,7,1,REF2,10,9,0,0,0,1,0,10
1A2,t7,03/04/2024,8,1,REF2,10,8,0,0,0,1,1,10
1A2,t8,04/04/2024,9,1,REF2,10,5,3,0,0,1,1,10
1A2,t9,05/04/2024,10,1,REF2,10,5,3,0,0,1,1,10
1A2,t10,06/04/2024,11,1,REF2,10,6,2,0,0,1,1,10
1A2,t11,07/04/2024,12,1,REF2,10,7,1,0,0,1,1,10
1A2,t12,08/04/2024,13,1,REF2,10,2,6,0,0,1,1,10
1A2,t13,09/04/2024,14,1,REF2,10,2,5,0,1,1,1,10
1A2,t14,10/04/2024,15,1,REF2,10,4,3,0,1,1,1,10
1A2,t15,11/04/2024,16,1,REF2,10,4,3,0,1,1,1,10
1A2,t16,12/04/2024,17,1,REF2,10,4,2,0,2,1,1,10
1A2,t17,13/04/2023,18,1,REF2,10,4,2,0,2,1,1,10
1A1,t0,27/03/2024,1,1,REF1,10,10,0,0,0,0,0,10
1A1,t1,27/03/2024,2,1,REF1,10,10,0,0,0,0,0,10
1A1,t2,29/03/2024,3,1,REF1,10,9,1,0,0,0,0,10
1A1,t3,30/03/2024,4,1,REF1,10,8,2,0,0,0,0,10
1A1,t4,31/03/2024,5,1,REF1,10,8,2,0,0,0,0,10
1A1,t5,01/04/2024,6,1,REF1,10,8,2,0,0,0,0,10
1A1,t6,02/04/2024,7,1,REF1,10,8,2,0,0,0,0,10
1A1,t7,03/04/2024,8,1,REF1,10,8,2,0,0,0,0,10
1A1,t8,04/04/2024,9,1,REF1,10,8,2,0,0,0,0,10
1A1,t9,05/04/2024,10,1,REF1,10,8,2,0,0,0,0,10
1A1,t10,06/04/2024,11,1,REF1,10,8,2,0,0,0,0,10
1A1,t11,07/04/2024,12,1,REF1,10,9,1,0,0,0,0,10
1A1,t12,08/04/2024,13,1,REF1,10,8,2,0,0,0,0,10
1A1,t13,09/04/2024,14,1,REF1,10,8,2,0,0,0,0,10
1A1,t14,10/04/2024,15,1,REF1,10,8,2,0,0,0,0,10
1A1,t15,11/04/2024,16,1,REF1,10,7,2,0,0,1,0,10
1A1,t16,12/04/2024,17,1,REF1,10,6,2,0,0,2,0,10
1A1,t17,13/04/2023,18,1,REF1,10,4,4,0,0,2,0,10
15C2,t8,04/04/2024,9,15,seawater,10,3,2,0,5,0,0,10
15C2,t0,27/03/2024,1,15,seawater,10,10,0,0,0,0,0,10
15C2,t1,28/03/2024,2,15,seawater,10,10,0,0,0,0,0,10
15C2,t2,29/03/2024,3,15,seawater,10,10,0,0,0,0,0,10
15C2,t3,30/03/2024,4,15,seawater,10,6,2,0,2,0,0,10
15C2,t4,31/03/2024,5,15,seawater,10,6,2,0,2,0,0,10
15C2,t5,01/04/2024,6,15,seawater,10,4,1,0,5,0,0,10
15C2,t6,02/04/2024,7,15,seawater,10,4,1,0,5,0,0,10
15C2,t7,03/04/2024,8,15,seawater,10,4,1,0,5,0,0,10
15C2,t9,05/04/2024,10,15,seawater,10,3,2,0,5,0,0,10
15C2,t10,06/04/2024,11,15,seawater,10,3,2,0,5,0,0,10
15C2,t11,07/04/2024,12,15,seawater,10,3,2,0,5,0,0,10
15C2,t12,08/04/2024,13,15,seawater,10,3,2,0,5,0,0,10
15C2,t13,09/04/2024,14,15,seawater,10,3,2,0,5,0,0,10
15C2,t14,10/04/2024,15,15,seawater,10,3,2,0,5,0,0,10
15C2,t15,11/04/2024,16,15,seawater,10,3,2,0,5,0,0,10
15C2,t16,12/04/2024,17,15,seawater,10,2,3,0,5,0,0,10
15C2,t17,13/04/2023,18,15,seawater,10,2,3,0,5,0,0,10
15C1,t0,27/03/2024,1,15,50%,10,10,0,0,0,0,0,10
15C1,t1,28/03/2024,2,15,50%,10,5,2,0,3,0,0,10
15C1,t2,29/03/2024,3,15,50%,10,3,4,0,1,0,2,10
15C1,t3,30/03/2024,4,15,50%,10,3,4,0,1,0,2,10
15C1,t4,31/03/2024,5,15,50%,10,4,3,0,1,0,2,10
15C1,t5,01/04/2024,6,15,50%,10,2,2,0,2,2,2,10
15C1,t6,02/04/2024,7,15,50%,10,2,2,0,1,3,2,10
15C1,t7,03/04/2024,8,15,50%,10,2,2,0,1,2,3,10
15C1,t8,04/04/2024,9,15,50%,10,2,2,0,0,3,3,10
15C1,t9,05/04/2024,10,15,50%,10,4,0,0,0,3,3,10
15C1,t10,06/04/2024,11,15,50%,10,2,2,0,0,3,3,10
15C1,t11,07/04/2024,12,15,50%,10,2,2,0,0,3,3,10
15C1,t12,08/04/2024,13,15,50%,10,2,2,0,0,3,3,10
15C1,t13,09/04/2024,14,15,50%,10,2,2,0,0,3,3,10
15C1,t14,10/04/2024,15,15,50%,10,2,2,0,0,3,3,10
15C1,t15,11/04/2024,16,15,50%,10,2,2,0,0,3,3,10
15C1,t16,12/04/2024,17,15,50%,10,2,2,0,0,3,3,10
15C1,t17,13/04/2023,18,15,50%,10,2,2,0,0,3,3,10
15B2,t0,27/03/2024,1,15,35%,10,10,0,0,0,0,0,10
15B2,t1,28/03/2024,2,15,35%,10,4,2,0,1,0,3,10
15B2,t2,29/03/2024,3,15,35%,10,5,2,0,1,0,2,10
15B2,t3,30/03/2024,4,15,35%,10,2,3,0,3,0,2,10
15B2,t4,31/03/2024,5,15,35%,10,3,1,0,3,1,2,10
15B2,t5,01/04/2024,6,15,35%,10,2,1,0,2,3,2,10
15B2,t6,02/04/2024,7,15,35%,10,0,0,0,5,2,3,10
15B2,t7,03/04/2024,8,15,35%,10,0,0,0,5,2,3,10
15B2,t8,04/04/2024,9,15,35%,10,0,0,0,5,2,3,10
15B2,t9,05/04/2024,10,15,35%,10,0,0,1,3,3,3,10
15B2,t10,06/04/2024,11,15,35%,10,0,0,1,3,3,3,10
15B2,t11,07/04/2024,12,15,35%,10,0,0,1,5,1,3,10
15B2,t12,08/04/2024,13,15,35%,10,0,1,0,4,2,3,10
15B2,t13,09/04/2024,14,15,35%,10,0,1,0,4,2,3,10
15B2,t14,10/04/2024,15,15,35%,10,0,1,0,4,2,3,10
15B2,t15,11/04/2024,16,15,35%,10,0,1,0,5,1,3,10
15B2,t16,12/04/2024,17,15,35%,10,0,1,0,5,1,3,10
15B2,t17,13/04/2023,18,15,35%,10,0,1,0,5,1,3,10
15B1,t0,27/03/2024,1,15,20%,10,10,0,0,0,0,0,10
15B1,t1,28/03/2024,2,15,20%,10,5,2,1,2,0,0,10
15B1,t2,29/03/2024,3,15,20%,10,2,5,0,3,0,0,10
15B1,t3,30/03/2024,4,15,20%,10,7,3,0,0,0,0,10
15B1,t4,31/03/2024,5,15,20%,10,7,3,0,0,0,0,10
15B1,t5,01/04/2024,6,15,20%,10,5,5,0,0,0,0,10
15B1,t6,02/04/2024,7,15,20%,10,5,4,0,1,0,0,10
15B1,t7,03/04/2024,8,15,20%,10,5,4,0,1,0,0,10
15B1,t8,04/04/2024,9,15,20%,10,5,4,0,1,0,0,10
15B1,t9,05/04/2024,10,15,20%,10,5,4,0,1,0,0,10
15B1,t10,06/04/2024,11,15,20%,10,6,3,0,1,0,0,10
15B1,t11,07/04/2024,12,15,20%,10,5,4,0,1,0,0,10
15B1,t12,08/04/2024,13,15,20%,10,6,3,0,1,0,0,10
15B1,t13,09/04/2024,14,15,20%,10,6,3,0,1,0,0,10
15B1,t14,10/04/2024,15,15,20%,10,6,3,0,1,0,0,10
15B1,t15,11/04/2024,16,15,20%,10,6,3,0,1,0,0,10
15B1,t16,12/04/2024,17,15,20%,10,5,4,0,1,0,0,10
15B1,t17,13/04/2023,18,15,20%,10,5,3,0,1,1,0,10
15A2,t2,29/03/2024,3,15,REF2,10,6,3,0,1,0,0,10
15A2,t0,27/03/2024,1,15,REF2,10,10,0,0,0,0,0,10
15A2,t1,28/03/2024,2,15,REF2,10,6,3,0,1,0,0,10
15A2,t3,30/03/2024,4,15,REF2,10,6,3,0,1,0,0,10
15A2,t4,31/03/2024,5,15,REF2,10,7,2,0,1,0,0,10
15A2,t5,01/04/2024,6,15,REF2,10,5,4,0,1,0,0,10
15A2,t6,02/04/2024,7,15,REF2,10,5,4,0,1,0,0,10
15A2,t7,03/04/2024,8,15,REF2,10,5,3,0,2,0,0,10
15A2,t8,04/04/2024,9,15,REF2,10,5,3,0,1,1,0,10
15A2,t9,05/04/2024,10,15,REF2,10,5,3,0,1,1,0,10
15A2,t10,06/04/2024,11,15,REF2,10,3,4,0,1,1,1,10
15A2,t11,07/04/2024,12,15,REF2,10,3,3,0,1,1,2,10
15A2,t12,08/04/2024,13,15,REF2,10,3,3,0,1,1,2,10
15A2,t13,09/04/2024,14,15,REF2,10,2,4,0,1,0,3,10
15A2,t14,10/04/2024,15,15,REF2,10,2,4,0,1,0,3,10
15A2,t15,11/04/2024,16,15,REF2,10,2,3,0,2,0,3,10
15A2,t16,12/04/2024,17,15,REF2,10,2,3,0,1,1,3,10
15A2,t17,13/04/2023,18,15,REF2,10,2,3,0,1,1,3,10
15A1,t0,27/03/2024,1,15,REF1,10,10,0,0,0,0,0,10
15A1,t1,28/03/2024,2,15,REF1,10,5,2,0,3,0,0,10
15A1,t2,29/03/2024,3,15,REF1,10,6,3,0,1,0,0,10
15A1,t3,30/03/2024,4,15,REF1,10,6,3,0,1,0,0,10
15A1,t4,31/03/2024,5,15,REF1,10,7,2,0,1,0,0,10
15A1,t5,01/04/2024,6,15,REF1,10,7,2,0,1,0,0,10
15A1,t6,02/04/2024,7,15,REF1,10,5,3,0,2,0,0,10
15A1,t7,03/04/2024,8,15,REF1,10,5,3,0,2,0,0,10
15A1,t8,04/04/2024,9,15,REF1,10,3,5,0,2,0,0,10
15A1,t9,05/04/2024,10,15,REF1,10,3,5,0,2,0,0,10
15A1,t10,06/04/2024,11,15,REF1,10,3,5,0,2,0,0,10
15A1,t11,07/04/2024,12,15,REF1,10,3,5,0,2,0,0,10
15A1,t12,08/04/2024,13,15,REF1,10,3,5,0,2,0,0,10
15A1,t13,09/04/2024,14,15,REF1,10,4,4,0,2,0,0,10
15A1,t14,10/04/2024,15,15,REF1,10,4,4,0,2,0,0,10
15A1,t15,11/04/2024,16,15,REF1,10,4,4,0,2,0,0,10
15A1,t16,12/04/2024,17,15,REF1,10,4,4,0,2,0,0,10
15A1,t17,13/04/2023,18,15,REF1,10,4,4,0,2,0,0,10
14C2,t0,27/03/2024,1,14,seawater,10,10,0,0,0,0,0,10
14C2,t1,28/03/2024,2,14,seawater,10,9,1,0,0,0,0,10
14C2,t2,29/03/2024,3,14,seawater,10,10,0,0,0,0,0,10
14C2,t3,30/03/2024,4,14,seawater,10,10,0,0,0,0,0,10
14C2,t4,31/03/2024,5,14,seawater,10,10,0,0,0,0,0,10
14C2,t5,01/04/2024,6,14,seawater,10,9,0,0,1,0,0,10
14C2,t6,02/04/2024,7,14,seawater,10,4,3,0,3,0,0,10
14C2,t7,03/04/2024,8,14,seawater,10,0,3,0,7,0,0,10
14C2,t8,04/04/2024,9,14,seawater,10,0,1,0,7,2,0,10
14C2,t9,05/04/2024,10,14,seawater,10,0,1,0,7,2,0,10
14C2,t10,06/04/2024,11,14,seawater,10,0,0,0,7,3,0,10
14C2,t11,07/04/2024,12,14,seawater,10,0,1,0,7,2,0,10
14C2,t12,08/04/2024,13,14,seawater,10,0,1,0,7,2,0,10
14C2,t13,09/04/2024,14,14,seawater,10,0,1,0,7,2,0,10
14C2,t14,10/04/2024,15,14,seawater,10,0,1,0,7,2,0,10
14C2,t15,11/04/2024,16,14,seawater,10,0,1,0,7,2,0,10
14C2,t16,12/04/2024,17,14,seawater,10,0,1,0,7,2,0,10
14C2,t17,13/04/2023,18,14,seawater,10,0,1,0,7,2,0,10
14C1,t5,01/04/2024,6,14,50%,10,5,4,0,0,0,1,10
14C1,t0,27/03/2024,1,14,50%,10,10,0,0,0,0,0,10
14C1,t1,28/03/2024,2,14,50%,10,8,2,0,0,0,0,10
14C1,t2,29/03/2024,3,14,50%,10,6,4,0,0,0,0,10
14C1,t3,30/03/2024,4,14,50%,10,8,1,0,0,0,1,10
14C1,t4,31/03/2024,5,14,50%,10,5,4,0,0,0,1,10
14C1,t6,02/04/2024,7,14,50%,10,5,4,0,0,0,1,10
14C1,t7,03/04/2024,8,14,50%,10,6,3,0,0,0,1,10
14C1,t8,04/04/2024,9,14,50%,10,6,3,0,0,0,1,10
14C1,t9,05/04/2024,10,14,50%,10,6,3,0,0,0,1,10
14C1,t10,06/04/2024,11,14,50%,10,5,4,0,0,0,1,10
14C1,t11,07/04/2024,12,14,50%,10,5,4,0,0,0,1,10
14C1,t12,08/04/2024,13,14,50%,10,5,4,0,0,0,1,10
14C1,t13,09/04/2024,14,14,50%,10,6,3,0,0,0,1,10
14C1,t14,10/04/2024,15,14,50%,10,6,3,0,0,0,1,10
14C1,t15,11/04/2024,16,14,50%,10,4,5,0,0,0,1,10
14C1,t16,12/04/2024,17,14,50%,10,4,5,0,0,0,1,10
14C1,t17,13/04/2023,18,14,50%,10,4,5,0,0,0,1,10
14B2,t0,27/03/2024,1,14,35%,10,10,0,0,0,0,0,10
14B2,t1,28/03/2024,2,14,35%,10,5,4,0,1,0,0,10
14B2,t2,29/03/2024,3,14,35%,10,4,6,0,0,0,0,10
14B2,t3,30/03/2024,4,14,35%,10,7,3,0,0,0,0,10
14B2,t4,31/03/2024,5,14,35%,10,8,2,0,0,0,0,10
14B2,t5,01/04/2024,6,14,35%,10,7,2,0,1,0,0,10
14B2,t6,02/04/2024,7,14,35%,10,7,2,0,1,0,0,10
14B2,t7,03/04/2024,8,14,35%,10,6,2,0,1,1,0,10
14B2,t8,04/04/2024,9,14,35%,10,6,2,0,1,1,0,10
14B2,t9,05/04/2024,10,14,35%,10,5,3,0,1,1,0,10
14B2,t10,06/04/2024,11,14,35%,10,5,3,0,1,1,0,10
14B2,t11,07/04/2024,12,14,35%,10,5,3,0,1,1,0,10
14B2,t12,08/04/2024,13,14,35%,10,5,1,0,1,1,2,10
14B2,t13,09/04/2024,14,14,35%,10,4,1,0,1,1,3,10
14B2,t14,10/04/2024,15,14,35%,10,2,2,0,1,1,4,10
14B2,t15,11/04/2024,16,14,35%,10,2,2,0,1,1,4,10
14B2,t16,12/04/2024,17,14,35%,10,1,3,0,1,1,4,10
14B2,t17,13/04/2023,18,14,35%,10,1,2,0,1,2,4,10
14B1,t0,27/03/2024,1,14,20%,10,10,0,0,0,0,0,10
14B1,t1,28/03/2024,2,14,20%,10,4,4,0,2,0,0,10
14B1,t2,29/03/2024,3,14,20%,10,4,4,0,2,0,0,10
14B1,t3,30/03/2024,4,14,20%,10,8,2,0,0,0,0,10
14B1,t4,31/03/2024,5,14,20%,10,8,2,0,0,0,0,10
14B1,t5,01/04/2024,6,14,20%,10,8,2,0,0,0,0,10
14B1,t6,02/04/2024,7,14,20%,10,8,2,0,0,0,0,10
14B1,t7,03/04/2024,8,14,20%,10,8,2,0,0,0,0,10
14B1,t8,04/04/2024,9,14,20%,10,8,2,0,0,0,0,10
14B1,t9,05/04/2024,10,14,20%,10,5,5,0,0,0,0,10
14B1,t10,06/04/2024,11,14,20%,10,5,5,0,0,0,0,10
14B1,t11,07/04/2024,12,14,20%,10,6,4,0,0,0,0,10
14B1,t12,08/04/2024,13,14,20%,10,7,3,0,0,0,0,10
14B1,t13,09/04/2024,14,14,20%,10,6,4,0,0,0,0,10
14B1,t14,10/04/2024,15,14,20%,10,6,4,0,0,0,0,10
14B1,t15,11/04/2024,16,14,20%,10,6,4,0,0,0,0,10
14B1,t16,12/04/2024,17,14,20%,10,7,3,0,0,0,0,10
14B1,t17,13/04/2023,18,14,20%,10,7,3,0,0,0,0,10
14A2,t0,27/03/2024,1,14,REF2,10,10,0,0,0,0,0,10
14A2,t1,28/03/2024,2,14,REF2,10,7,3,0,0,0,0,10
14A2,t2,29/03/2024,3,14,REF2,10,7,3,0,0,0,0,10
14A2,t3,30/03/2024,4,14,REF2,10,7,3,0,0,0,0,10
14A2,t4,31/03/2024,5,14,REF2,10,7,3,0,0,0,0,10
14A2,t5,01/04/2024,6,14,REF2,10,8,2,0,0,0,0,10
14A2,t6,02/04/2024,7,14,REF2,10,8,2,0,0,0,0,10
14A2,t7,03/04/2024,8,14,REF2,10,9,1,0,0,0,0,10
14A2,t8,04/04/2024,9,14,REF2,10,8,2,0,0,0,0,10
14A2,t9,05/04/2024,10,14,REF2,10,6,4,0,0,0,0,10
14A2,t10,06/04/2024,11,14,REF2,10,7,3,0,0,0,0,10
14A2,t11,07/04/2024,12,14,REF2,10,6,4,0,0,0,0,10
14A2,t12,08/04/2024,13,14,REF2,10,8,2,0,0,0,0,10
14A2,t13,09/04/2024,14,14,REF2,10,8,2,0,0,0,0,10
14A2,t14,10/04/2024,15,14,REF2,10,8,2,0,0,0,0,10
14A2,t15,11/04/2024,16,14,REF2,10,9,1,0,0,0,0,10
14A2,t16,12/04/2024,17,14,REF2,10,9,1,0,0,0,0,10
14A2,t17,13/04/2023,18,14,REF2,10,9,0,0,1,0,0,10
14A1,t0,27/03/2024,1,14,REF1,10,10,0,0,0,0,0,10
14A1,t1,28/03/2024,2,14,REF1,10,0,6,0,1,0,3,10
14A1,t2,29/03/2024,3,14,REF1,10,0,7,0,0,0,3,10
14A1,t3,30/03/2024,4,14,REF1,10,0,2,0,0,1,7,10
14A1,t4,31/03/2024,5,14,REF1,10,0,2,0,0,1,7,10
14A1,t5,01/04/2024,6,14,REF1,10,0,2,0,0,1,7,10
14A1,t6,02/04/2024,7,14,REF1,10,0,2,0,0,1,7,10
14A1,t7,03/04/2024,8,14,REF1,10,0,2,0,0,1,7,10
14A1,t8,04/04/2024,9,14,REF1,10,0,2,0,0,1,7,10
14A1,t9,05/04/2024,10,14,REF1,10,0,1,0,1,1,7,10
14A1,t10,06/04/2024,11,14,REF1,10,0,1,0,1,1,7,10
14A1,t11,07/04/2024,12,14,REF1,10,1,0,0,0,2,7,10
14A1,t12,08/04/2024,13,14,REF1,10,0,1,0,0,2,7,10
14A1,t13,09/04/2024,14,14,REF1,10,0,1,0,0,2,7,10
14A1,t14,10/04/2024,15,14,REF1,10,0,1,0,0,2,7,10
14A1,t15,11/04/2024,16,14,REF1,10,0,1,0,0,2,7,10
14A1,t16,12/04/2024,17,14,REF1,10,0,1,0,0,2,7,10
14A1,t17,13/04/2023,18,14,REF1,10,0,1,0,0,1,8,10
13C2,t0,27/03/2024,1,13,seawater,10,10,0,0,0,0,0,10
13C2,t1,28/03/2024,2,13,seawater,10,10,0,0,0,0,0,10
13C2,t2,29/03/2024,3,13,seawater,10,10,0,0,0,0,0,10
13C2,t3,30/03/2024,4,13,seawater,10,10,0,0,0,0,0,10
13C2,t4,31/03/2024,5,13,seawater,10,10,0,0,0,0,0,10
13C2,t5,01/04/2024,6,13,seawater,10,10,0,0,0,0,0,10
13C2,t6,02/04/2024,7,13,seawater,10,8,2,0,0,0,0,10
13C2,t7,03/04/2024,8,13,seawater,10,9,0,0,1,0,0,10
13C2,t8,04/04/2024,9,13,seawater,10,8,0,0,2,0,0,10
13C2,t9,05/04/2024,10,13,seawater,10,8,0,0,2,0,0,10
13C2,t10,06/04/2024,11,13,seawater,10,6,1,0,2,0,1,10
13C2,t11,07/04/2024,12,13,seawater,10,2,1,0,6,0,1,10
13C2,t12,08/04/2024,13,13,seawater,10,1,1,0,6,1,1,10
13C2,t13,09/04/2024,14,13,seawater,10,1,1,0,6,1,1,10
13C2,t14,10/04/2024,15,13,seawater,10,2,0,0,6,1,1,10
13C2,t15,11/04/2024,16,13,seawater,10,1,1,0,6,1,1,10
13C2,t16,12/04/2024,17,13,seawater,10,1,1,0,6,1,1,10
13C2,t17,13/04/2023,18,13,seawater,10,1,1,0,6,1,1,10
13C1,t0,27/03/2024,1,13,50%,10,10,0,0,0,0,0,10
13C1,t1,28/03/2024,2,13,50%,10,1,8,0,1,0,0,10
13C1,t2,29/03/2024,3,13,50%,10,0,6,0,4,0,0,10
13C1,t3,30/03/2024,4,13,50%,10,6,4,0,0,0,0,10
13C1,t4,31/03/2024,5,13,50%,10,6,4,0,0,0,0,10
13C1,t5,01/04/2024,6,13,50%,10,6,4,0,0,0,0,10
13C1,t6,02/04/2024,7,13,50%,10,6,4,0,0,0,0,10
13C1,t7,03/04/2024,8,13,50%,10,6,4,0,0,0,0,10
13C1,t8,04/04/2024,9,13,50%,10,6,4,0,0,0,0,10
13C1,t9,05/04/2024,10,13,50%,10,6,3,0,0,1,0,10
13C1,t10,06/04/2024,11,13,50%,10,2,7,0,0,1,0,10
13C1,t11,07/04/2024,12,13,50%,10,2,7,0,0,1,0,10
13C1,t12,08/04/2024,13,13,50%,10,3,6,0,0,1,0,10
13C1,t13,09/04/2024,14,13,50%,10,6,3,0,0,1,0,10
13C1,t14,10/04/2024,15,13,50%,10,6,3,0,0,1,0,10
13C1,t15,11/04/2024,16,13,50%,10,5,4,0,0,1,0,10
13C1,t16,12/04/2024,17,13,50%,10,5,4,0,0,1,0,10
13C1,t17,13/04/2023,18,13,50%,10,5,3,0,1,1,0,10
13B2,t0,27/03/2024,1,13,35%,10,10,0,0,0,0,0,10
13B2,t1,28/03/2024,2,13,35%,10,10,0,0,0,0,0,10
13B2,t2,29/03/2024,3,13,35%,10,10,0,0,0,0,0,10
13B2,t3,30/03/2024,4,13,35%,10,8,2,0,0,0,0,10
13B2,t4,31/03/2024,5,13,35%,10,8,2,0,0,0,0,10
13B2,t5,01/04/2024,6,13,35%,10,7,3,0,0,0,0,10
13B2,t6,02/04/2024,7,13,35%,10,7,3,0,0,0,0,10
13B2,t7,03/04/2024,8,13,35%,10,7,3,0,0,0,0,10
13B2,t8,04/04/2024,9,13,35%,10,4,6,0,0,0,0,10
13B2,t9,05/04/2024,10,13,35%,10,8,2,0,0,0,0,10
13B2,t10,06/04/2024,11,13,35%,10,8,2,0,0,0,0,10
13B2,t11,07/04/2024,12,13,35%,10,6,4,0,0,0,0,10
13B2,t12,08/04/2024,13,13,35%,10,8,2,0,0,0,0,10
13B2,t13,09/04/2024,14,13,35%,10,9,1,0,0,0,0,10
13B2,t14,10/04/2024,15,13,35%,10,9,1,0,0,0,0,10
13B2,t15,11/04/2024,16,13,35%,10,9,1,0,0,0,0,10
13B2,t16,12/04/2024,17,13,35%,10,8,2,0,0,0,0,10
13B2,t17,13/04/2023,18,13,35%,10,8,2,0,0,0,0,10
13B1,t0,27/03/2024,1,13,20%,10,10,0,0,0,0,0,10
13B1,t1,28/03/2024,2,13,20%,10,2,4,0,4,0,0,10
13B1,t2,29/03/2024,3,13,20%,10,2,4,0,4,0,0,10
13B1,t3,30/03/2024,4,13,20%,10,10,0,0,0,0,0,10
13B1,t4,31/03/2024,5,13,20%,10,10,0,0,0,0,0,10
13B1,t5,01/04/2024,6,13,20%,10,10,0,0,0,0,0,10
13B1,t6,02/04/2024,7,13,20%,10,6,4,0,0,0,0,10
13B1,t7,03/04/2024,8,13,20%,10,3,6,0,1,0,0,10
13B1,t8,04/04/2024,9,13,20%,10,2,7,0,1,0,0,10
13B1,t9,05/04/2024,10,13,20%,10,0,8,0,1,1,0,10
13B1,t10,06/04/2024,11,13,20%,10,0,8,0,1,1,0,10
13B1,t11,07/04/2024,12,13,20%,10,0,8,0,1,1,0,10
13B1,t12,08/04/2024,13,13,20%,10,0,7,0,2,1,0,10
13B1,t13,09/04/2024,14,13,20%,10,0,6,0,1,1,2,10
13B1,t14,10/04/2024,15,13,20%,10,0,4,0,1,2,3,10
13B1,t15,11/04/2024,16,13,20%,10,0,4,0,1,2,3,10
13B1,t16,12/04/2024,17,13,20%,10,0,4,0,1,2,3,10
13B1,t17,13/04/2023,18,13,20%,10,0,4,0,1,2,3,10
13A2,t0,27/03/2024,1,13,REF2,10,10,0,0,0,0,0,10
13A2,t1,28/03/2024,2,13,REF2,10,5,4,0,1,0,0,10
13A2,t2,29/03/2024,3,13,REF2,10,2,2,0,1,0,5,10
13A2,t3,30/03/2024,4,13,REF2,10,0,2,0,3,0,5,10
13A2,t4,31/03/2024,5,13,REF2,10,0,0,0,3,2,5,10
13A2,t5,01/04/2024,6,13,REF2,10,0,0,0,3,2,5,10
13A2,t6,02/04/2024,7,13,REF2,10,0,0,0,3,2,5,10
13A2,t7,03/04/2024,8,13,REF2,10,0,0,0,4,1,5,10
13A2,t8,04/04/2024,9,13,REF2,10,0,0,0,4,1,5,10
13A2,t9,05/04/2024,10,13,REF2,10,0,0,0,4,1,5,10
13A2,t10,06/04/2024,11,13,REF2,10,0,0,0,4,1,5,10
13A2,t11,07/04/2024,12,13,REF2,10,0,0,0,4,1,5,10
13A2,t12,08/04/2024,13,13,REF2,10,0,0,0,4,1,5,10
13A2,t13,09/04/2024,14,13,REF2,10,0,0,0,4,1,5,10
13A2,t14,10/04/2024,15,13,REF2,10,0,0,0,4,1,5,10
13A2,t15,11/04/2024,16,13,REF2,10,0,0,0,4,1,5,10
13A2,t16,12/04/2024,17,13,REF2,10,0,0,0,4,1,5,10
13A2,t17,13/04/2023,18,13,REF2,10,0,0,0,4,1,5,10
13A1,t0,27/03/2024,1,13,REF1,10,10,0,0,0,0,0,10
13A1,t1,28/03/2024,2,13,REF1,10,2,3,0,1,0,4,10
13A1,t2,29/03/2024,3,13,REF1,10,4,2,0,0,0,4,10
13A1,t3,30/03/2024,4,13,REF1,10,4,2,0,0,0,4,10
13A1,t4,31/03/2024,5,13,REF1,10,6,0,0,0,0,4,10
13A1,t5,01/04/2024,6,13,REF1,10,6,0,0,0,0,4,10
13A1,t6,02/04/2024,7,13,REF1,10,4,2,0,0,0,4,10
13A1,t7,03/04/2024,8,13,REF1,10,3,3,0,0,0,4,10
13A1,t8,04/04/2024,9,13,REF1,10,3,3,0,0,0,4,10
13A1,t9,05/04/2024,10,13,REF1,10,3,3,0,0,0,4,10
13A1,t10,06/04/2024,11,13,REF1,10,3,3,0,0,0,4,10
13A1,t11,07/04/2024,12,13,REF1,10,2,4,0,0,0,4,10
13A1,t12,08/04/2024,13,13,REF1,10,3,3,0,0,0,4,10
13A1,t13,09/04/2024,14,13,REF1,10,3,3,0,0,0,4,10
13A1,t14,10/04/2024,15,13,REF1,10,2,4,0,0,0,4,10
13A1,t15,11/04/2024,16,13,REF1,10,2,4,0,0,0,4,10
13A1,t16,12/04/2024,17,13,REF1,10,2,3,0,0,0,5,10
13A1,t17,13/04/2023,18,13,REF1,10,2,3,0,0,0,5,10
12C2,t0,27/03/2024,1,12,seawater,10,10,0,0,0,0,0,10
12C2,t1,28/03/2024,2,12,seawater,10,10,0,0,0,0,0,10
12C2,t2,29/03/2024,3,12,seawater,10,10,0,0,0,0,0,10
12C2,t3,30/03/2024,4,12,seawater,10,5,3,0,2,0,0,10
12C2,t4,31/03/2024,5,12,seawater,10,2,0,0,7,1,0,10
12C2,t5,01/04/2024,6,12,seawater,10,0,0,0,9,1,0,10
12C2,t6,02/04/2024,7,12,seawater,10,0,0,0,9,1,0,10
12C2,t7,03/04/2024,8,12,seawater,10,0,0,0,9,1,0,10
12C2,t8,04/04/2024,9,12,seawater,10,0,0,0,9,1,0,10
12C2,t9,05/04/2024,10,12,seawater,10,0,0,0,9,1,0,10
12C2,t10,06/04/2024,11,12,seawater,10,0,0,0,8,1,1,10
12C2,t11,07/04/2024,12,12,seawater,10,0,0,0,8,1,1,10
12C2,t12,08/04/2024,13,12,seawater,10,0,0,0,8,1,1,10
12C2,t13,09/04/2024,14,12,seawater,10,0,0,0,8,1,1,10
12C2,t14,10/04/2024,15,12,seawater,10,0,0,0,8,1,1,10
12C2,t15,11/04/2024,16,12,seawater,10,0,0,0,8,1,1,10
12C2,t16,12/04/2024,17,12,seawater,10,0,0,0,8,1,1,10
12C2,t17,13/04/2023,18,12,seawater,10,0,0,0,8,1,1,10
12C1,t0,27/03/2024,1,12,50%,10,10,0,0,0,0,0,10
12C1,t1,28/03/2024,2,12,50%,10,7,0,0,0,0,3,10
12C1,t2,29/03/2024,3,12,50%,10,0,3,0,0,0,7,10
12C1,t3,30/03/2024,4,12,50%,10,0,3,0,0,0,7,10
12C1,t4,31/03/2024,5,12,50%,10,2,1,0,0,0,7,10
12C1,t5,01/04/2024,6,12,50%,10,2,1,0,0,0,7,10
12C1,t6,02/04/2024,7,12,50%,10,0,3,0,0,0,7,10
12C1,t7,03/04/2024,8,12,50%,10,0,3,0,0,0,7,10
12C1,t8,04/04/2024,9,12,50%,10,0,3,0,0,0,7,10
12C1,t9,05/04/2024,10,12,50%,10,0,1,0,0,2,7,10
12C1,t10,06/04/2024,11,12,50%,10,0,1,0,0,2,7,10
12C1,t11,07/04/2024,12,12,50%,10,0,1,0,0,2,7,10
12C1,t12,08/04/2024,13,12,50%,10,0,0,0,0,3,7,10
12C1,t13,09/04/2024,14,12,50%,10,0,0,0,0,3,7,10
12C1,t14,10/04/2024,15,12,50%,10,0,0,0,0,3,7,10
12C1,t15,11/04/2024,16,12,50%,10,0,0,0,0,3,7,10
12C1,t16,12/04/2024,17,12,50%,10,0,0,0,0,3,7,10
12C1,t17,13/04/2023,18,12,50%,10,0,0,0,0,3,7,10
12B2,t0,27/03/2024,1,12,35%,10,10,0,0,0,0,0,10
12B2,t1,28/03/2024,2,12,35%,10,7,3,0,0,0,0,10
12B2,t2,29/03/2024,3,12,35%,10,10,0,0,0,0,0,10
12B2,t3,30/03/2024,4,12,35%,10,10,0,0,0,0,0,10
12B2,t4,31/03/2024,5,12,35%,10,8,0,0,0,1,1,10
12B2,t5,01/04/2024,6,12,35%,10,7,1,0,0,1,1,10
12B2,t6,02/04/2024,7,12,35%,10,2,4,0,0,3,1,10
12B2,t7,03/04/2024,8,12,35%,10,0,1,0,5,3,1,10
12B2,t8,04/04/2024,9,12,35%,10,0,1,0,5,3,1,10
12B2,t9,05/04/2024,10,12,35%,10,0,1,0,5,3,1,10
12B2,t10,06/04/2024,11,12,35%,10,0,1,0,5,3,1,10
12B2,t11,07/04/2024,12,12,35%,10,0,1,0,5,3,1,10
12B2,t12,08/04/2024,13,12,35%,10,0,1,0,5,3,1,10
12B2,t13,09/04/2024,14,12,35%,10,0,1,0,5,3,1,10
12B2,t14,10/04/2024,15,12,35%,10,0,1,0,5,3,1,10
12B2,t15,11/04/2024,16,12,35%,10,0,1,0,5,3,1,10
12B2,t16,12/04/2024,17,12,35%,10,0,1,0,5,3,1,10
12B2,t17,13/04/2023,18,12,35%,10,0,1,0,5,3,1,10
12B1,t0,27/03/2024,1,12,20%,10,10,0,0,0,0,0,10
12B1,t1,28/03/2024,2,12,20%,10,4,5,0,1,0,0,10
12B1,t2,29/03/2024,3,12,20%,10,4,6,0,0,0,0,10
12B1,t3,30/03/2024,4,12,20%,10,4,4,0,0,1,1,10
12B1,t4,31/03/2024,5,12,20%,10,2,3,0,2,1,2,10
12B1,t5,01/04/2024,6,12,20%,10,2,3,0,2,1,2,10
12B1,t6,02/04/2024,7,12,20%,10,0,5,0,2,1,2,10
12B1,t7,03/04/2024,8,12,20%,10,0,5,0,1,2,2,10
12B1,t8,04/04/2024,9,12,20%,10,0,5,0,0,3,2,10
12B1,t9,05/04/2024,10,12,20%,10,0,5,0,0,3,2,10
12B1,t10,06/04/2024,11,12,20%,10,0,5,0,0,3,2,10
12B1,t11,07/04/2024,12,12,20%,10,0,5,0,0,3,2,10
12B1,t12,08/04/2024,13,12,20%,10,0,5,0,0,3,2,10
12B1,t13,09/04/2024,14,12,20%,10,0,5,0,0,3,2,10
12B1,t14,10/04/2024,15,12,20%,10,0,5,0,0,3,2,10
12B1,t15,11/04/2024,16,12,20%,10,0,5,0,0,3,2,10
12B1,t16,12/04/2024,17,12,20%,10,1,4,0,0,3,2,10
12B1,t17,13/04/2023,18,12,20%,10,0,4,0,0,3,3,10
12A2,t5,01/04/2024,6,12,REF2,10,0,4,0,0,0,6,10
12A2,t0,27/03/2024,1,12,REF2,10,10,0,0,0,0,0,10
12A2,t1,28/03/2024,2,12,REF2,10,7,2,0,1,0,0,10
12A2,t2,29/03/2024,3,12,REF2,10,6,2,0,1,1,0,10
12A2,t3,30/03/2024,4,12,REF2,10,2,5,0,1,0,2,10
12A2,t4,31/03/2024,5,12,REF2,10,0,4,0,0,0,6,10
12A2,t6,02/04/2024,7,12,REF2,10,0,2,0,0,0,8,10
12A2,t7,03/04/2024,8,12,REF2,10,0,2,0,0,0,8,10
12A2,t8,04/04/2024,9,12,REF2,10,0,2,0,0,0,8,10
12A2,t9,05/04/2024,10,12,REF2,10,0,2,0,0,0,8,10
12A2,t10,06/04/2024,11,12,REF2,10,0,2,0,0,0,8,10
12A2,t11,07/04/2024,12,12,REF2,10,0,2,0,0,0,8,10
12A2,t12,08/04/2024,13,12,REF2,10,0,2,0,0,0,8,10
12A2,t13,09/04/2024,14,12,REF2,10,0,2,0,0,0,8,10
12A2,t14,10/04/2024,15,12,REF2,10,0,2,0,0,0,8,10
12A2,t15,11/04/2024,16,12,REF2,10,0,2,0,0,0,8,10
12A2,t16,12/04/2024,17,12,REF2,10,0,2,0,0,0,8,10
12A2,t17,13/04/2023,18,12,REF2,10,0,2,0,0,0,8,10
12A1,t0,27/03/2024,1,12,REF1,10,10,0,0,0,0,0,10
12A1,t1,28/03/2024,2,12,REF1,10,3,6,1,0,0,0,10
12A1,t2,29/03/2024,3,12,REF1,10,0,2,0,2,4,2,10
12A1,t3,30/03/2024,4,12,REF1,10,0,1,0,3,4,2,10
12A1,t4,31/03/2024,5,12,REF1,10,0,3,0,3,2,2,10
12A1,t5,01/04/2024,6,12,REF1,10,0,4,0,3,1,2,10
12A1,t6,02/04/2024,7,12,REF1,10,0,2,0,1,1,6,10
12A1,t7,03/04/2024,8,12,REF1,10,0,2,0,1,1,6,10
12A1,t8,04/04/2024,9,12,REF1,10,0,2,0,1,1,6,10
12A1,t9,05/04/2024,10,12,REF1,10,0,2,0,1,1,6,10
12A1,t10,06/04/2024,11,12,REF1,10,0,2,0,1,1,6,10
12A1,t11,07/04/2024,12,12,REF1,10,0,2,0,1,1,6,10
12A1,t12,08/04/2024,13,12,REF1,10,0,2,0,1,1,6,10
12A1,t13,09/04/2024,14,12,REF1,10,0,2,0,1,1,6,10
12A1,t14,10/04/2024,15,12,REF1,10,0,2,0,1,1,6,10
12A1,t15,11/04/2024,16,12,REF1,10,0,1,0,2,1,6,10
12A1,t16,12/04/2024,17,12,REF1,10,0,1,0,2,1,6,10
12A1,t17,13/04/2023,18,12,REF1,10,0,1,0,2,1,6,10
11C2,t0,27/03/2024,1,11,seawater,10,10,0,0,0,0,0,10
11C2,t1,28/03/2024,2,11,seawater,10,9,0,0,1,0,0,10
11C2,t2,29/03/2024,3,11,seawater,10,9,0,0,1,0,0,10
11C2,t3,30/03/2024,4,11,seawater,10,9,0,0,1,0,0,10
11C2,t4,31/03/2024,5,11,seawater,10,9,0,0,1,0,0,10
11C2,t5,01/04/2024,6,11,seawater,10,9,0,0,1,0,0,10
11C2,t6,02/04/2024,7,11,seawater,10,8,1,0,1,0,0,10
11C2,t7,03/04/2024,8,11,seawater,10,9,0,0,1,0,0,10
11C2,t8,04/04/2024,9,11,seawater,10,7,2,0,1,0,0,10
11C2,t9,05/04/2024,10,11,seawater,10,8,1,0,1,0,0,10
11C2,t10,06/04/2024,11,11,seawater,10,6,1,0,1,2,0,10
11C2,t11,07/04/2024,12,11,seawater,10,5,2,0,1,2,0,10
11C2,t12,08/04/2024,13,11,seawater,10,4,2,0,1,3,0,10
11C2,t13,09/04/2024,14,11,seawater,10,4,0,0,1,5,0,10
11C2,t14,10/04/2024,15,11,seawater,10,4,0,0,1,5,0,10
11C2,t15,11/04/2024,16,11,seawater,10,4,0,0,1,5,0,10
11C2,t16,12/04/2024,17,11,seawater,10,4,0,0,1,5,0,10
11C2,t17,13/04/2023,18,11,seawater,10,3,1,0,1,5,0,10
11C1,t13,09/04/2024,14,11,50%,10,0,2,0,4,2,2,10
11C1,t0,27/03/2024,1,11,50%,10,10,0,0,0,0,0,10
11C1,t1,28/03/2024,2,11,50%,10,7,3,0,0,0,0,10
11C1,t2,29/03/2024,3,11,50%,10,6,2,0,1,0,1,10
11C1,t3,30/03/2024,4,11,50%,10,4,3,0,1,0,2,10
11C1,t4,31/03/2024,5,11,50%,10,1,3,0,3,1,2,10
11C1,t5,01/04/2024,6,11,50%,10,2,2,0,3,1,2,10
11C1,t6,02/04/2024,7,11,50%,10,1,3,0,3,1,2,10
11C1,t7,03/04/2024,8,11,50%,10,0,4,0,3,1,2,10
11C1,t8,04/04/2024,9,11,50%,10,0,4,0,3,1,2,10
11C1,t9,05/04/2024,10,11,50%,10,0,4,0,3,1,2,10
11C1,t10,06/04/2024,11,11,50%,10,0,4,0,3,1,2,10
11C1,t11,07/04/2024,12,11,50%,10,0,3,0,3,2,2,10
11C1,t12,08/04/2024,13,11,50%,10,0,3,0,3,2,2,10
11C1,t14,10/04/2024,15,11,50%,10,0,1,0,4,2,3,10
11C1,t15,11/04/2024,16,11,50%,10,0,1,0,4,2,3,10
11C1,t16,12/04/2024,17,11,50%,10,0,1,0,4,2,3,10
11C1,t17,13/04/2023,18,11,50%,10,0,1,0,4,2,3,10
11B2,t0,27/03/2024,1,11,35%,10,10,0,0,0,0,0,10
11B2,t1,28/03/2024,2,11,35%,10,7,0,0,3,0,0,10
11B2,t2,29/03/2024,3,11,35%,10,8,2,0,0,0,0,10
11B2,t3,30/03/2024,4,11,35%,10,6,3,0,1,0,0,10
11B2,t4,31/03/2024,5,11,35%,10,8,1,0,1,0,0,10
11B2,t5,01/04/2024,6,11,35%,10,6,2,0,1,1,0,10
11B2,t6,02/04/2024,7,11,35%,10,4,2,0,2,2,0,10
11B2,t7,03/04/2024,8,11,35%,10,1,1,0,4,4,0,10
11B2,t8,04/04/2024,9,11,35%,10,0,2,0,4,4,0,10
11B2,t9,05/04/2024,10,11,35%,10,0,2,0,4,4,0,10
11B2,t10,06/04/2024,11,11,35%,10,0,2,0,4,4,0,10
11B2,t11,07/04/2024,12,11,35%,10,0,2,0,4,4,0,10
11B2,t12,08/04/2024,13,11,35%,10,0,2,0,4,4,0,10
11B2,t13,09/04/2024,14,11,35%,10,0,2,0,4,4,0,10
11B2,t14,10/04/2024,15,11,35%,10,0,1,0,4,4,1,10
11B2,t15,11/04/2024,16,11,35%,10,0,1,0,4,4,1,10
11B2,t16,12/04/2024,17,11,35%,10,0,1,0,4,4,1,10
11B2,t17,13/04/2023,18,11,35%,10,0,1,0,4,4,1,10
11B1,t6,02/04/2024,7,11,20%,10,5,3,0,1,0,1,10
11B1,t0,27/03/2024,1,11,20%,10,10,0,0,0,0,0,10
11B1,t1,28/03/2024,2,11,20%,10,9,1,0,0,0,0,10
11B1,t2,29/03/2024,3,11,20%,10,10,0,0,0,0,0,10
11B1,t3,30/03/2024,4,11,20%,10,4,6,0,0,0,0,10
11B1,t4,31/03/2024,5,11,20%,10,7,3,0,0,0,0,10
11B1,t5,01/04/2024,6,11,20%,10,7,3,0,0,0,0,10
11B1,t7,03/04/2024,8,11,20%,10,1,2,0,6,0,1,10
11B1,t8,04/04/2024,9,11,20%,10,0,3,0,3,2,2,10
11B1,t9,05/04/2024,10,11,20%,10,0,3,0,3,2,2,10
11B1,t10,06/04/2024,11,11,20%,10,0,3,0,3,2,2,10
11B1,t11,07/04/2024,12,11,20%,10,0,3,0,3,2,2,10
11B1,t12,08/04/2024,13,11,20%,10,0,3,0,3,2,2,10
11B1,t13,09/04/2024,14,11,20%,10,0,3,0,3,2,2,10
11B1,t14,10/04/2024,15,11,20%,10,0,2,0,3,3,2,10
11B1,t15,11/04/2024,16,11,20%,10,0,2,0,3,3,2,10
11B1,t16,12/04/2024,17,11,20%,10,0,2,0,3,3,2,10
11B1,t17,13/04/2023,18,11,20%,10,0,2,0,3,3,2,10
11A2,t3,30/03/2024,4,11,REF2,10,6,3,0,0,1,0,10
11A2,t0,27/03/2024,1,11,REF2,10,10,0,0,0,0,0,10
11A2,t1,28/03/2024,2,11,REF2,10,4,6,0,0,0,0,10
11A2,t2,29/03/2024,3,11,REF2,10,4,5,0,0,1,0,10
11A2,t4,31/03/2024,5,11,REF2,10,4,4,0,0,2,0,10
11A2,t5,01/04/2024,6,11,REF2,10,4,3,0,0,2,1,10
11A2,t6,02/04/2024,7,11,REF2,10,0,3,0,3,3,1,10
11A2,t7,03/04/2024,8,11,REF2,10,0,3,0,3,3,1,10
11A2,t8,04/04/2024,9,11,REF2,10,0,3,0,2,1,4,10
11A2,t9,05/04/2024,10,11,REF2,10,0,2,0,3,0,5,10
11A2,t10,06/04/2024,11,11,REF2,10,0,1,0,1,3,5,10
11A2,t11,07/04/2024,12,11,REF2,10,0,0,0,2,3,5,10
11A2,t12,08/04/2024,13,11,REF2,10,0,0,0,2,3,5,10
11A2,t13,09/04/2024,14,11,REF2,10,0,0,0,2,3,5,10
11A2,t14,10/04/2024,15,11,REF2,10,0,0,0,2,3,5,10
11A2,t15,11/04/2024,16,11,REF2,10,0,0,0,2,3,5,10
11A2,t16,12/04/2024,17,11,REF2,10,0,0,0,2,3,5,10
11A2,t17,13/04/2023,18,11,REF2,10,0,0,0,2,3,5,10
11A1,t0,27/03/2024,1,11,REF1,10,10,0,0,0,0,0,10
11A1,t1,28/03/2024,2,11,REF1,10,9,1,0,0,0,0,10
11A1,t2,29/03/2024,3,11,REF1,10,2,1,0,1,0,6,10
11A1,t3,30/03/2024,4,11,REF1,10,0,1,0,2,1,6,10
11A1,t4,31/03/2024,5,11,REF1,10,0,1,0,2,1,6,10
11A1,t5,01/04/2024,6,11,REF1,10,0,1,0,2,1,6,10
11A1,t6,02/04/2024,7,11,REF1,10,0,1,0,2,1,6,10
11A1,t7,03/04/2024,8,11,REF1,10,0,1,0,2,1,6,10
11A1,t8,04/04/2024,9,11,REF1,10,0,1,0,2,1,6,10
11A1,t9,05/04/2024,10,11,REF1,10,0,0,0,2,1,7,10
11A1,t10,06/04/2024,11,11,REF1,10,0,0,0,2,1,7,10
11A1,t11,07/04/2024,12,11,REF1,10,0,0,0,2,1,7,10
11A1,t12,08/04/2024,13,11,REF1,10,0,0,0,2,1,7,10
11A1,t13,09/04/2024,14,11,REF1,10,0,0,0,3,0,7,10
11A1,t14,10/04/2024,15,11,REF1,10,0,0,0,3,0,7,10
11A1,t15,11/04/2024,16,11,REF1,10,0,0,0,3,0,7,10
11A1,t16,12/04/2024,17,11,REF1,10,0,0,0,3,0,7,10
11A1,t17,13/04/2023,18,11,REF1,10,0,0,0,3,0,7,10
10C2,t0,27/03/2024,1,10,seawater,10,10,0,0,0,0,0,10
10C2,t1,28/03/2024,2,10,seawater,10,10,0,0,0,0,0,10
10C2,t2,29/03/2024,3,10,seawater,10,10,0,0,0,0,0,10
10C2,t3,30/03/2024,4,10,seawater,10,9,0,0,1,0,0,10
10C2,t4,31/03/2024,5,10,seawater,10,8,1,0,1,0,0,10
10C2,t5,01/04/2024,6,10,seawater,10,5,0,0,3,2,0,10
10C2,t6,02/04/2024,7,10,seawater,10,3,2,0,3,2,0,10
10C2,t7,03/04/2024,8,10,seawater,10,3,2,0,3,2,0,10
10C2,t8,04/04/2024,9,10,seawater,10,3,1,0,3,3,0,10
10C2,t9,05/04/2024,10,10,seawater,10,1,3,0,3,3,0,10
10C2,t10,06/04/2024,11,10,seawater,10,3,1,0,3,3,0,10
10C2,t11,07/04/2024,12,10,seawater,10,1,3,0,3,3,0,10
10C2,t12,08/04/2024,13,10,seawater,10,2,2,0,3,3,0,10
10C2,t13,09/04/2024,14,10,seawater,10,2,2,0,3,3,0,10
10C2,t14,10/04/2024,15,10,seawater,10,2,2,0,3,3,0,10
10C2,t15,11/04/2024,16,10,seawater,10,2,2,0,3,3,0,10
10C2,t16,12/04/2024,17,10,seawater,10,2,2,0,3,3,0,10
10C2,t17,13/04/2023,18,10,seawater,10,2,2,0,3,3,0,10
10C1,t5,01/04/2024,6,10,50%,10,0,2,0,2,0,6,10
10C1,t0,27/03/2024,1,10,50%,10,10,0,0,0,0,0,10
10C1,t1,28/03/2024,2,10,50%,10,0,7,0,3,0,0,10
10C1,t2,29/03/2024,3,10,50%,10,0,4,0,2,0,4,10
10C1,t3,30/03/2024,4,10,50%,10,0,4,0,2,0,4,10
10C1,t4,31/03/2024,5,10,50%,10,0,3,0,3,0,4,10
10C1,t6,02/04/2024,7,10,50%,10,0,2,0,0,0,8,10
10C1,t7,03/04/2024,8,10,50%,10,0,2,0,0,0,8,10
10C1,t8,04/04/2024,9,10,50%,10,0,2,0,0,0,8,10
10C1,t9,05/04/2024,10,10,50%,10,0,2,0,0,0,8,10
10C1,t10,06/04/2024,11,10,50%,10,0,2,0,0,0,8,10
10C1,t11,07/04/2024,12,10,50%,10,0,2,0,0,0,8,10
10C1,t12,08/04/2024,13,10,50%,10,0,2,0,0,0,8,10
10C1,t13,09/04/2024,14,10,50%,10,0,2,0,0,0,8,10
10C1,t14,10/04/2024,15,10,50%,10,0,1,0,0,0,9,10
10C1,t15,11/04/2024,16,10,50%,10,0,1,0,0,0,9,10
10C1,t16,12/04/2024,17,10,50%,10,0,0,0,0,0,10,10
10C1,t17,13/04/2023,18,10,50%,10,0,0,0,0,0,10,10
10B2,t0,27/03/2024,1,10,35%,10,10,0,0,0,0,0,10
10B2,t1,28/03/2024,2,10,35%,10,6,2,0,1,0,1,10
10B2,t2,29/03/2024,3,10,35%,10,8,2,0,0,0,0,10
10B2,t3,30/03/2024,4,10,35%,10,10,0,0,0,0,0,10
10B2,t4,31/03/2024,5,10,35%,10,9,1,0,0,0,0,10
10B2,t5,01/04/2024,6,10,35%,10,9,1,0,0,0,0,10
10B2,t6,02/04/2024,7,10,35%,10,9,1,0,0,0,0,10
10B2,t7,03/04/2024,8,10,35%,10,9,1,0,0,0,0,10
10B2,t8,04/04/2024,9,10,35%,10,9,1,0,0,0,0,10
10B2,t9,05/04/2024,10,10,35%,10,9,1,0,0,0,0,10
10B2,t10,06/04/2024,11,10,35%,10,9,1,0,0,0,0,10
10B2,t11,07/04/2024,12,10,35%,10,7,3,0,0,0,0,10
10B2,t12,08/04/2024,13,10,35%,10,6,4,0,0,0,0,10
10B2,t13,09/04/2024,14,10,35%,10,6,4,0,0,0,0,10
10B2,t14,10/04/2024,15,10,35%,10,6,4,0,0,0,0,10
10B2,t15,11/04/2024,16,10,35%,10,6,4,0,0,0,0,10
10B2,t16,12/04/2024,17,10,35%,10,6,4,0,0,0,0,10
10B2,t17,13/04/2023,18,10,35%,10,5,2,0,0,1,2,10
10B1,t0,27/03/2024,1,10,20%,10,10,0,0,0,0,0,10
10B1,t1,28/03/2024,2,10,20%,10,5,0,0,2,0,3,10
10B1,t2,29/03/2024,3,10,20%,10,1,6,0,0,0,3,10
10B1,t3,30/03/2024,4,10,20%,10,3,4,0,0,0,3,10
10B1,t4,31/03/2024,5,10,20%,10,1,5,0,0,0,4,10
10B1,t5,01/04/2024,6,10,20%,10,1,3,0,2,0,4,10
10B1,t6,02/04/2024,7,10,20%,10,0,2,0,1,0,7,10
10B1,t7,03/04/2024,8,10,20%,10,0,1,0,1,1,7,10
10B1,t8,04/04/2024,9,10,20%,10,0,1,0,1,1,7,10
10B1,t9,05/04/2024,10,10,20%,10,0,1,0,1,1,7,10
10B1,t10,06/04/2024,11,10,20%,10,0,1,0,1,1,7,10
10B1,t11,07/04/2024,12,10,20%,10,0,1,0,1,1,7,10
10B1,t12,08/04/2024,13,10,20%,10,0,1,0,1,1,7,10
10B1,t13,09/04/2024,14,10,20%,10,0,1,0,1,1,7,10
10B1,t14,10/04/2024,15,10,20%,10,0,1,0,1,1,7,10
10B1,t15,11/04/2024,16,10,20%,10,0,1,0,1,1,7,10
10B1,t16,12/04/2024,17,10,20%,10,0,1,0,1,1,7,10
10B1,t17,13/04/2023,18,10,20%,10,0,1,0,1,1,7,10
10A2,t0,27/03/2024,1,10,REF2,10,10,0,0,0,0,0,10
10A2,t1,28/03/2024,2,10,REF2,10,0,0,0,0,0,10,10
10A2,t2,29/03/2024,3,10,REF2,10,0,0,0,0,0,10,10
10A2,t3,30/03/2024,4,10,REF2,10,0,0,0,0,0,10,10
10A2,t4,31/03/2024,5,10,REF2,10,0,0,0,0,0,10,10
10A2,t5,01/04/2024,6,10,REF2,10,0,0,0,0,0,10,10
10A2,t6,02/04/2024,7,10,REF2,10,0,0,0,0,0,10,10
10A2,t7,03/04/2024,8,10,REF2,10,0,0,0,0,0,10,10
10A2,t8,04/04/2024,9,10,REF2,10,0,0,0,0,0,10,10
10A2,t9,05/04/2024,10,10,REF2,10,0,0,0,0,0,10,10
10A2,t10,06/04/2024,11,10,REF2,10,0,0,0,0,0,10,10
10A2,t11,07/04/2024,12,10,REF2,10,0,0,0,0,0,10,10
10A2,t12,08/04/2024,13,10,REF2,10,0,0,0,0,0,10,10
10A2,t13,09/04/2024,14,10,REF2,10,0,0,0,0,0,10,10
10A2,t14,10/04/2024,15,10,REF2,10,0,0,0,0,0,10,10
10A2,t15,11/04/2024,16,10,REF2,10,0,0,0,0,0,10,10
10A2,t16,12/04/2024,17,10,REF2,10,0,0,0,0,0,10,10
10A2,t17,13/04/2023,18,10,REF2,10,0,0,0,0,0,10,10
10A1,t0,27/03/2024,1,10,REF1,10,10,0,0,0,0,0,10
10A1,t1,28/03/2024,2,10,REF1,10,4,6,0,0,0,0,10
10A1,t2,29/03/2024,3,10,REF1,10,0,8,0,0,0,2,10
10A1,t3,30/03/2024,4,10,REF1,10,1,6,0,1,0,2,10
10A1,t4,31/03/2024,5,10,REF1,10,2,5,0,1,0,2,10
10A1,t5,01/04/2024,6,10,REF1,10,0,2,0,3,0,5,10
10A1,t6,02/04/2024,7,10,REF1,10,0,1,0,0,0,9,10
10A1,t7,03/04/2024,8,10,REF1,10,0,1,0,0,0,9,10
10A1,t8,04/04/2024,9,10,REF1,10,0,0,0,0,0,10,10
10A1,t9,05/04/2024,10,10,REF1,10,0,0,0,0,0,10,10
10A1,t10,06/04/2024,11,10,REF1,10,0,0,0,0,0,10,10
10A1,t11,07/04/2024,12,10,REF1,10,0,0,0,0,0,10,10
10A1,t12,08/04/2024,13,10,REF1,10,0,0,0,0,0,10,10
10A1,t13,09/04/2024,14,10,REF1,10,0,0,0,0,0,10,10
10A1,t14,10/04/2024,15,10,REF1,10,0,0,0,0,0,10,10
10A1,t15,11/04/2024,16,10,REF1,10,0,0,0,0,0,10,10
10A1,t16,12/04/2024,17,10,REF1,10,0,0,0,0,0,10,10
10A1,t17,13/04/2023,18,10,REF1,10,0,0,0,0,0,10,10
